subject,session,experiment_phase,trial_index,pulse_time,log_num,log_time
SC000,0,SYNC_PULSE_TEST,-1,326512749.237035,0,326512.740517723
SC000,0,SYNC_PULSE_TEST,-1,326513741.948947,0,326513.740517723
SC000,0,SYNC_PULSE_TEST,-1,326514742.15832204,0,326514.740517723
SC000,0,SYNC_PULSE_TEST,-1,326515740.964514,0,326515.740517723
SC000,0,SYNC_PULSE_TEST,-1,326516741.775953,0,326516.740517723
SC000,0,SYNC_PULSE_TEST,-1,326517742.032911,0,326517.740517723
SC000,0,SYNC_PULSE_TEST,-1,326518742.148603,0,326518.740517723
SC000,0,SYNC_PULSE_TEST,-1,326519742.339401,0,326519.740517723
SC000,0,SYNC_PULSE_TEST,-1,326520741.599544,0,326520.740517723
SC000,0,SYNC_PULSE_TEST,-1,326521742.40411603,0,326521.740517723
SC000,0,STUDY1,0,326536211.17927796,0,326539.90196890547
SC000,0,STUDY1,1,326542902.145761,0,326546.9655656755
SC000,0,STUDY1,2,326549970.939404,0,326554.724498473
SC000,0,STUDY1,3,326557729.183501,0,326561.7928325245
SC000,0,STUDY1,4,326564793.21505296,0,326568.694964426
SC000,0,STUDY1,5,326571702.021289,0,326575.549750969
SC000,0,STUDY1,6,326578549.88286597,0,326582.338971235
SC000,0,STUDY1,7,326585345.035837,0,326589.50184078154
SC000,0,STUDY1,8,326592502.11982095,0,326595.9915070675
SC000,0,STUDY1,9,326598991.90699697,0,326603.348667706
SC000,0,STUDY1,10,326606354.628606,0,326610.300145342
SC000,0,STUDY1,11,326613305.050285,0,326616.755603738
SC000,0,STUDY1,12,326619755.889726,0,326625.0540068955
SC000,0,STUDY1,13,326628055.241518,0,326632.948713831
SC000,0,STUDY1,14,326635953.007065,0,326640.470037409
SC000,0,STUDY1,15,326643470.21984404,0,326647.58113397704
SC000,0,STUDY1,16,326650581.41741,0,326654.664614037
SC000,0,STUDY1,17,326657665.051122,0,326661.2241879275
SC000,0,STUDY1,18,326664224.634904,0,326668.07644258754
SC000,0,STUDY1,19,326671076.625104,0,326674.770974513
SC000,0,STUDY1,20,326677771.294225,0,326681.2710886245
SC000,0,STUDY1,21,326684279.01652,0,326688.4565170295
SC000,0,STUDY1,22,326691457.11763805,0,326695.3154693895
SC000,0,STUDY1,23,326698320.564912,0,326702.238909792
SC000,0,STUDY1,24,326705239.439048,0,326710.033550256
SC000,0,STUDY1,25,326713033.78394395,0,326716.9728385065
SC000,0,STUDY1,26,326719978.043,0,326723.60151765647
SC000,0,STUDY1,27,326726601.725115,0,326730.0588035315
SC000,0,STUDY1,28,326733059.24455297,0,326736.6040233745
SC000,0,STUDY1,29,326739604.834975,0,326743.6092178945
SC000,0,STUDY1,30,326746609.664073,0,326751.0525296025
SC000,0,STUDY1,31,326754060.367713,0,326757.489617268
SC000,0,STUDY1,32,326760490.07166797,0,326764.160203653
SC000,0,STUDY1,33,326767165.65684503,0,326770.665625543
SC000,0,STUDY1,34,326773672.135607,0,326777.4531087315
SC000,0,STUDY1,35,326780459.059079,0,326783.808748033
SC000,0,STUDY1,36,326786808.89089596,0,326790.639502421
SC000,0,STUDY1,37,326793640.081089,0,326798.0874237725
SC000,0,STUDY1,38,326801088.12613904,0,326804.7555764605
SC000,0,STUDY1,39,326807761.748669,0,326811.951194406
SC000,0,STUDY1,40,326814956.611616,0,326818.5397057575
SC000,0,STUDY1,41,326821539.797547,0,326824.81650202547
SC000,0,STUDY1,42,326827822.641916,0,326831.372493682
SC000,0,STUDY1,43,326834372.986394,0,326837.682053969
SC000,0,STUDY1,44,326840686.683599,0,326844.82476040104
SC000,0,STUDY1,45,326847831.957183,0,326851.535700201
SC000,0,STUDY1,46,326854535.837754,0,326857.917690966
SC000,0,STUDY1,47,326860918.311816,0,326865.168296364
SC000,0,STUDY1,48,326868168.57545,0,326871.65799279197
SC000,0,STUDY1,49,326874658.281157,0,326878.48467715504
SC000,0,STUDY1,50,326881492.19007903,0,326885.2663969125
SC000,0,STUDY1,51,326888267.371828,0,326892.0671470155
SC000,0,STUDY1,52,326895067.73127097,0,326898.79045
SC000,0,STUDY1,53,326901790.639122,0,326905.9809925305
SC000,0,STUDY1,54,326908985.992636,0,326912.61211458
SC000,0,STUDY1,55,326915612.53510004,0,326920.27360506554
SC000,0,STUDY1,56,326923280.668192,0,326927.273153694
SC000,0,STUDY1,57,326930273.633366,0,326933.785753078
SC000,0,STUDY1,58,326936786.189955,0,326940.193727597
SC000,0,STUDY1,59,326943194.53719896,0,326946.73243053805
SC000,0,STUDY1,60,326949732.828421,0,326953.417942667
SC000,0,STUDY1,61,326956425.652617,0,326960.564016619
SC000,0,STUDY1,62,326963564.34191895,0,326967.71456346347
SC000,0,STUDY1,63,326970720.652156,0,326974.467206089
SC000,0,STUDY1,64,326977472.861266,0,326981.0623485405
SC000,0,STUDY1,65,326984062.904988,0,326988.100406253
SC000,0,STUDY1,66,326991101.002795,0,326995.1140628185
SC000,0,STUDY1,67,326998114.851775,0,327002.4606227535
SC000,0,STUDY1,68,327005466.02016,0,327008.90925240447
SC000,0,STUDY1,69,327011909.86152,0,327015.842345304
SC000,0,STUDY1,70,327018842.732083,0,327022.4443664305
SC000,0,STUDY1,71,327025444.931879,0,327028.7891490405
SC000,0,STUDY1,72,327031789.47078,0,327035.3086152305
SC000,0,STUDY1,73,327038308.72186,0,327042.0942861645
SC000,0,STUDY1,74,327045094.767173,0,327049.8844675455
SC000,0,STUDY1,75,327052890.17758,0,327056.70940663
SC000,0,STUDY1,76,327059710.05337304,0,327064.74369334104
SC000,0,SYNC_PULSE_TEST,-1,327151569.716003,0,327151.56309762003
SC000,0,SYNC_PULSE_TEST,-1,327152563.408639,0,327152.56309762003
SC000,0,SYNC_PULSE_TEST,-1,327153563.88848,0,327153.56309762003
SC000,0,SYNC_PULSE_TEST,-1,327154563.740034,0,327154.56309762003
SC000,0,SYNC_PULSE_TEST,-1,327155563.50851697,0,327155.56309762003
SC000,0,SYNC_PULSE_TEST,-1,327156563.575005,0,327156.56309762003
SC000,0,SYNC_PULSE_TEST,-1,327157563.365567,0,327157.56309762003
SC000,0,SYNC_PULSE_TEST,-1,327158563.52204204,0,327158.56309762003
SC000,0,SYNC_PULSE_TEST,-1,327159563.411878,0,327159.56309762003
SC000,0,SYNC_PULSE_TEST,-1,327160563.41162103,0,327160.56309762003
SC000,0,STUDY1,77,327171365.518092,0,327174.7925827345
SC000,0,STUDY1,78,327177793.483009,0,327181.425616945
SC000,0,STUDY1,79,327184425.70822304,0,327187.5279003575
SC000,0,STUDY1,80,327190528.530419,0,327194.9508065395
SC000,0,STUDY1,81,327197951.292251,0,327201.381187662
SC000,0,STUDY1,82,327204386.84547096,0,327208.370243097
SC000,0,STUDY1,83,327211370.470089,0,327214.57025301
SC000,0,STUDY1,84,327217570.485421,0,327221.4080924475
SC000,0,STUDY1,85,327224408.580378,0,327227.727670572
SC000,0,STUDY1,86,327230733.26037997,0,327234.364071318
SC000,0,STUDY1,87,327237368.45584804,0,327240.0965366215
SC000,0,STUDY1,88,327243097.00170004,0,327246.648686663
SC000,0,STUDY1,89,327249648.945926,0,327253.62229320453
SC000,0,STUDY1,90,327256622.662514,0,327259.841802986
SC000,0,STUDY1,91,327262841.979099,0,327266.4580612515
SC000,0,STUDY1,92,327269464.08707297,0,327273.79593048396
SC000,0,STUDY1,93,327276802.496529,0,327279.8282049305
SC000,0,STUDY1,94,327282828.307911,0,327286.580481661
SC000,0,STUDY1,95,327289589.22981805,0,327293.627082734
SC000,0,STUDY1,96,327296632.80974,0,327299.92834851705
SC000,0,STUDY1,97,327302928.901206,0,327306.9015254285
SC000,0,STUDY1,98,327309901.934031,0,327314.188585715
SC000,0,STUDY1,99,327317194.608562,0,327320.83090196655
SC000,0,STUDY1,100,327323831.449992,0,327328.0868818285
SC000,0,STUDY1,101,327331087.183717,0,327334.962763801
SC000,0,STUDY1,102,327337967.911372,0,327342.56553215254
SC000,0,STUDY1,103,327345571.12122405,0,327349.674531947
SC000,0,STUDY1,104,327352679.424892,0,327356.5181831145
SC000,0,STUDY1,105,327359518.596664,0,327363.090051079
SC000,0,STUDY1,106,327366090.290994,0,327369.9622647605
SC000,0,STUDY1,107,327372967.316732,0,327376.4341834535
SC000,0,STUDY1,108,327379434.480606,0,327382.97634197946
SC000,0,STUDY1,109,327385976.824711,0,327389.53021234355
SC000,0,STUDY1,110,327392530.31541795,0,327395.8435549365
SC000,0,STUDY1,111,327398848.085513,0,327402.37182317255
SC000,0,STUDY1,112,327405372.491161,0,327409.596449549
SC000,0,STUDY1,113,327412601.878789,0,327416.375539307
SC000,0,STUDY1,114,327419381.9064,0,327423.306833019
SC000,0,STUDY1,115,327426307.22802705,0,327431.12431963754
SC000,0,STUDY1,116,327434124.941351,0,327437.6608884445
SC000,0,STUDY1,117,327440666.96922,0,327444.504666655
SC000,0,STUDY1,118,327447505.025719,0,327451.5939429535
SC000,0,STUDY1,119,327454599.170116,0,327457.8184970225
SC000,0,STUDY1,120,327460818.715411,0,327464.075473384
SC000,0,STUDY1,121,327467075.589753,0,327471.047089156
SC000,0,STUDY1,122,327474047.513442,0,327478.9415240985
SC000,0,STUDY1,123,327481947.413548,0,327485.563990382
SC000,0,STUDY1,124,327488569.25796896,0,327492.304834351
SC000,0,STUDY1,125,327495309.812755,0,327498.911764311
SC000,0,STUDY1,126,327501918.69866097,0,327505.2223925875
SC000,0,STUDY1,127,327508222.642084,0,327511.460855066
SC000,0,STUDY1,128,327514460.963983,0,327518.819026193
SC000,0,STUDY1,129,327521819.16695,0,327525.267866233
SC000,0,STUDY1,130,327528268.370424,0,327531.85041049146
SC000,0,STUDY1,131,327534850.710464,0,327538.5586514775
SC000,0,STUDY1,132,327541558.80258805,0,327545.5720970975
SC000,0,STUDY1,133,327548572.27366203,0,327551.92794367555
SC000,0,STUDY1,134,327554928.26101,0,327558.530621487
SC000,0,STUDY1,135,327561531.16152096,0,327565.169635488
SC000,0,STUDY1,136,327568170.252985,0,327571.38109042996
SC000,0,STUDY1,137,327574381.741632,0,327577.640862791
SC000,0,STUDY1,138,327580641.186914,0,327584.3237906875
SC000,0,STUDY1,139,327587324.337602,0,327592.086904529
SC000,0,STUDY1,140,327595091.848597,0,327598.8024988355
SC000,0,STUDY1,141,327601802.639128,0,327605.67719451746
SC000,0,STUDY1,142,327608682.812558,0,327612.1807446965
SC000,0,STUDY1,143,327615180.8725,0,327619.68526609195
SC000,0,STUDY1,144,327622686.33847004,0,327626.6787631025
SC000,0,STUDY1,145,327629679.056334,0,327633.870884161
SC000,0,STUDY1,146,327636871.026418,0,327640.1759062545
SC000,0,STUDY1,147,327643182.13604504,0,327646.73428091
SC000,0,STUDY1,148,327649734.90119106,0,327652.989207002
SC000,0,STUDY1,149,327655994.13775504,0,327659.232389271
SC000,0,STUDY1,150,327662239.84800404,0,327666.109905974
SC000,0,STUDY1,151,327669115.357693,0,327672.534043171
SC000,0,STUDY1,152,327675539.71828604,0,327679.768487126
SC000,0,STUDY1,153,327682773.145822,0,327686.049087827
SC000,0,STUDY1,154,327689054.689219,0,327692.823240493
SC000,0,STUDY1,155,327695823.645947,0,327699.937840915
SC000,0,STUDY1,156,327702942.897691,0,327706.820147585
SC000,0,STUDY1,157,327709820.232212,0,327713.9780467545
SC000,0,STUDY1,158,327716983.426629,0,327720.6850001125
SC000,0,STUDY1,159,327723685.756461,0,327726.90435463446
SC000,0,STUDY1,160,327729909.657054,0,327733.6381656005
SC000,0,STUDY1,161,327736643.83401,0,327740.348302637
SC000,0,STUDY1,162,327743348.60508204,0,327747.1607679095
SC000,0,STUDY1,163,327750165.992916,0,327754.7178221765
SC000,0,STUDY1,164,327757718.002128,0,327762.243991746
SC000,0,STUDY1,165,327765249.47857404,0,327769.6190224275
SC000,0,STUDY1,166,327772619.58743703,0,327775.8779165215
SC000,0,STUDY1,167,327778878.414362,0,327782.4524164025
SC000,0,STUDY1,168,327785458.49384,0,327789.3816889415
SC000,0,STUDY1,169,327792381.886382,0,327795.6286362645
SC000,0,STUDY1,170,327798628.901008,0,327801.859899841
SC000,0,STUDY1,171,327804865.025001,0,327808.377115932
SC000,0,STUDY1,172,327811377.23062503,0,327815.2176797425
SC000,0,STUDY1,173,327818218.45936406,0,327822.473834448
SC000,0,STUDY1,174,327825473.975097,0,327828.6084141195
SC000,0,STUDY1,175,327831608.707469,0,327835.31572781247
SC000,0,STUDY1,176,327838316.386558,0,327841.62527732353
SC000,0,STUDY1,177,327844630.428939,0,327847.7528980695
SC000,0,STUDY1,178,327850758.309776,0,327854.2217362505
SC000,0,STUDY1,179,327857222.383596,0,327860.980082892
SC000,0,STUDY1,180,327863980.358741,0,327869.049260309
SC000,0,STUDY1,181,327872049.497421,0,327875.4670328065
SC000,0,STUDY1,182,327878467.541003,0,327882.0700478235
SC000,0,STUDY1,183,327885076.22712404,0,327888.5082948115
SC000,0,STUDY1,184,327891508.44988304,0,327895.132245317
SC000,0,STUDY1,185,327898133.242962,0,327901.48319867754
SC000,0,STUDY1,186,327904483.81308097,0,327907.9490671425
SC000,0,STUDY1,187,327910954.271434,0,327914.169356626
SC000,0,STUDY1,188,327917169.86769,0,327920.874532311
SC000,0,STUDY1,189,327923875.196297,0,327927.359562114
SC000,0,STUDY1,190,327930360.26027,0,327933.8506252585
SC000,0,STUDY1,191,327936856.08287203,0,327941.004578973
SC000,0,STUDY1,192,327944010.147069,0,327947.14778888505
SC000,0,STUDY1,193,327950148.298864,0,327954.45917188155
SC000,0,STUDY1,194,327957459.651492,0,327962.09812191396
SC000,0,STUDY1,195,327965098.275296,0,327970.2136178615
SC000,0,STUDY1,196,327973213.960693,0,327976.178303839
SC000,0,STUDY1,197,327979185.42043203,0,327982.190246197
SC000,0,STUDY1,198,327985190.341854,0,327989.159744027
SC000,0,STUDY1,199,327992159.860025,0,327995.5388117635
SC000,0,STUDY1,200,327998543.639509,0,328002.0096232
SC000,0,STUDY1,201,328005009.90917,0,328008.5853067055
SC000,0,STUDY1,202,328011585.834071,0,328015.269360923
SC000,0,STUDY1,203,328018273.830756,0,328021.52183385496
SC000,0,STUDY1,204,328024522.417336,0,328027.714041924
SC000,0,STUDY1,205,328030714.326807,0,328034.856501019
SC000,0,STUDY1,206,328037857.328197,0,328040.8818101635
SC000,0,STUDY1,207,328043882.070297,0,328047.0409202435
SC000,0,STUDY1,208,328050045.915253,0,328054.76472071104
SC000,0,STUDY1,209,328057764.942626,0,328060.8962867395
SC000,0,STUDY1,210,328063896.970637,0,328067.36579923704
SC000,0,STUDY1,211,328070365.946287,0,328073.4292530125
SC000,0,STUDY1,212,328076433.149741,0,328080.251227693
SC000,0,STUDY1,213,328083255.829023,0,328086.8031381655
SC000,0,STUDY1,214,328089809.053156,0,328093.7232650155
SC000,0,STUDY1,215,328096723.74049103,0,328100.7989677055
SC000,0,SYNC_PULSE_TEST,-1,328511910.371418,0,328511.90656986553
SC000,0,SYNC_PULSE_TEST,-1,328512907.00528395,0,328512.90656986553
SC000,0,SYNC_PULSE_TEST,-1,328513906.868627,0,328513.90656986553
SC000,0,SYNC_PULSE_TEST,-1,328514907.09432304,0,328514.90656986553
SC000,0,SYNC_PULSE_TEST,-1,328515907.05295795,0,328515.90656986553
SC000,0,SYNC_PULSE_TEST,-1,328516907.065408,0,328516.90656986553
SC000,0,SYNC_PULSE_TEST,-1,328517907.083828,0,328517.90656986553
SC000,0,SYNC_PULSE_TEST,-1,328518907.278615,0,328518.90656986553
SC000,0,SYNC_PULSE_TEST,-1,328519907.281399,0,328519.90656986553
SC000,0,SYNC_PULSE_TEST,-1,328520907.353279,0,328520.90656986553
SC000,0,STUDY2,0,328542909.342737,0,328546.2667035735
SC000,0,STUDY2,1,328549267.110752,0,328553.069832167
SC000,0,STUDY2,2,328556070.122016,0,328559.4773486805
SC000,0,STUDY2,3,328562477.581523,0,328567.0341345585
SC000,0,STUDY2,4,328570034.368098,0,328573.8181916155
SC000,0,STUDY2,5,328576818.47510105,0,328580.45981672546
SC000,0,STUDY2,6,328583464.272461,0,328586.57426853455
SC000,0,STUDY2,7,328589579.559044,0,328593.438196162
SC000,0,STUDY2,8,328596438.490031,0,328599.716668849
SC000,0,STUDY2,9,328602717.709971,0,328605.922322651
SC000,0,STUDY2,10,328608927.68241304,0,328612.089033552
SC000,0,STUDY2,11,328615089.482856,0,328618.5341057
SC000,0,STUDY2,12,328621534.574339,0,328624.6949543855
SC000,0,STUDY2,13,328627695.211263,0,328631.87365911
SC000,0,STUDY2,14,328634874.453463,0,328638.8949806665
SC000,0,STUDY2,15,328641895.36707497,0,328646.7745094765
SC000,0,STUDY2,16,328649775.417593,0,328654.03454421996
SC000,0,STUDY2,17,328657034.990707,0,328660.2968193405
SC000,0,STUDY2,18,328663297.156569,0,328667.9208267405
SC000,0,STUDY2,19,328670925.876707,0,328675.44783132046
SC000,0,STUDY2,20,328678453.137953,0,328682.2686276465
SC000,0,STUDY2,21,328685269.020226,0,328689.831181161
SC000,0,STUDY2,22,328692831.951052,0,328696.7388881845
SC000,0,STUDY2,23,328699743.161785,0,328703.5911021135
SC000,0,STUDY2,24,328706596.734208,0,328710.865895853
SC000,0,STUDY2,25,328713866.445909,0,328718.0057141765
SC000,0,STUDY2,26,328721006.032476,0,328724.9819465545
SC000,0,STUDY2,27,328727983.131644,0,328732.04039479804
SC000,0,STUDY2,28,328735040.926955,0,328738.3435480405
SC000,0,STUDY2,29,328741344.25133,0,328744.63292062597
SC000,0,STUDY2,30,328747633.569792,0,328751.418892612
SC000,0,STUDY2,31,328754425.024025,0,328758.35762547946
SC000,0,STUDY2,32,328761357.920383,0,328764.708911611
SC000,0,STUDY2,33,328767709.340165,0,328772.06852146296
SC000,0,STUDY2,34,328775073.746198,0,328778.9492406625
SC000,0,STUDY2,35,328781949.71107596,0,328785.5171426645
SC000,0,STUDY2,36,328788517.445033,0,328792.58221148
SC000,0,STUDY2,37,328795582.851647,0,328799.065396516
SC000,0,STUDY2,38,328802065.572312,0,328806.2361252755
SC000,0,STUDY2,39,328809242.2449,0,328814.147274778
SC000,0,STUDY2,40,328817151.828888,0,328821.469095353
SC000,0,STUDY2,41,328824469.71815205,0,328827.949252453
SC000,0,STUDY2,42,328830955.151617,0,328834.1350524205
SC000,0,STUDY2,43,328837141.010588,0,328841.25455344445
SC000,0,STUDY2,44,328844255.227883,0,328847.87612952746
SC000,0,STUDY2,45,328850876.864595,0,328854.2564568495
SC000,0,STUDY2,46,328857257.11218697,0,328860.8983991815
SC000,0,STUDY2,47,328863903.142328,0,328867.2956567375
SC000,0,STUDY2,48,328870296.432055,0,328873.644219232
SC000,0,STUDY2,49,328876644.434656,0,328879.9874456015
SC000,0,STUDY2,50,328882987.690977,0,328886.3266956895
SC000,0,STUDY2,51,328889327.161891,0,328892.5618907985
SC000,0,STUDY2,52,328895562.241189,0,328899.0987756615
SC000,0,STUDY2,53,328902099.368303,0,328905.434263143
SC000,0,STUDY2,54,328908434.431848,0,328912.2474385415
SC000,0,STUDY2,55,328915247.913875,0,328918.98743480246
SC000,0,STUDY2,56,328921992.046318,0,328925.587352867
SC000,0,STUDY2,57,328928593.32096,0,328932.882876631
SC000,0,STUDY2,58,328935883.09314495,0,328940.2039602815
SC000,0,STUDY2,59,328943204.942498,0,328946.8449498045
SC000,0,STUDY2,60,328949845.46111697,0,328953.70235470997
SC000,0,STUDY2,61,328956702.748378,0,328960.6175365845
SC000,0,STUDY2,62,328963617.860124,0,328966.85505615454
SC000,0,STUDY2,63,328969861.102765,0,328973.0659832425
SC000,0,STUDY2,64,328976066.400314,0,328979.777965721
SC000,0,STUDY2,65,328982778.466684,0,328986.27585564
SC000,0,STUDY2,66,328989282.05734104,0,328992.859041739
SC000,0,STUDY2,67,328995859.35675704,0,328999.43659898103
SC000,0,STUDY2,68,329002441.706984,0,329005.8477721015
SC000,0,STUDY2,69,329008848.407583,0,329013.438956876
SC000,0,STUDY2,70,329016439.61427903,0,329019.6082716655
SC000,0,STUDY2,71,329022615.264654,0,329025.78468444804
SC000,0,STUDY2,72,329028785.312641,0,329032.727483143
SC000,0,STUDY2,73,329035732.23569304,0,329039.214213235
SC000,0,STUDY2,74,329042214.815745,0,329045.86025963095
SC000,0,STUDY2,75,329048860.75841004,0,329051.9423675745
SC000,0,STUDY2,76,329054942.85688996,0,329058.72897070553
SC000,0,STUDY2,77,329061729.420214,0,329065.393826753
SC000,0,STUDY2,78,329068394.267098,0,329071.88898198504
SC000,0,STUDY2,79,329074889.162838,0,329078.339120725
SC000,0,STUDY2,80,329081339.433438,0,329084.8154407755
SC000,0,STUDY2,81,329087816.079889,0,329091.1356519745
SC000,0,STUDY2,82,329094135.87787604,0,329098.25430012203
SC000,0,STUDY2,83,329101254.771856,0,329104.660983509
SC000,0,STUDY2,84,329107661.18792397,0,329111.1255948245
SC000,0,STUDY2,85,329114126.17351097,0,329117.61082927
SC000,0,STUDY2,86,329120611.204168,0,329124.68745158147
SC000,0,STUDY2,87,329127691.85357,0,329131.6498241675
SC000,0,STUDY2,88,329134650.088874,0,329137.8977730815
SC000,0,STUDY2,89,329140898.363735,0,329144.919086379
SC000,0,STUDY2,90,329147919.72898597,0,329151.8104165765
SC000,0,STUDY2,91,329154810.66051203,0,329157.97480050405
SC000,0,STUDY2,92,329160975.389056,0,329165.33055285004
SC000,0,STUDY2,93,329168331.17289495,0,329171.4901208355
SC000,0,STUDY2,94,329174490.899212,0,329177.9123634295
SC000,0,STUDY2,95,329180916.889777,0,329184.48191171803
SC000,0,STUDY2,96,329187482.042747,0,329190.87969701353
SC000,0,STUDY2,97,329193885.289205,0,329197.9499159095
SC000,0,STUDY2,98,329200950.13992304,0,329205.244199616
SC000,0,STUDY2,99,329208249.958658,0,329211.5858365365
SC000,0,STUDY2,100,329214586.342879,0,329218.218010742
SC000,0,STUDY2,101,329221218.198025,0,329224.776171049
SC000,0,STUDY2,102,329227776.584509,0,329231.3724197075
SC000,0,STUDY2,103,329234372.866759,0,329238.6009336225
SC000,0,STUDY2,104,329241601.08935905,0,329245.2593257065
SC000,0,STUDY2,105,329248259.80286103,0,329251.8298977235
SC000,0,STUDY2,106,329254835.662468,0,329258.87886431755
SC000,0,STUDY2,107,329261883.81094605,0,329265.266090769
SC000,0,STUDY2,108,329268273.362373,0,329272.189987148
SC000,0,STUDY2,109,329275190.407999,0,329278.580489642
SC000,0,STUDY2,110,329281585.401293,0,329285.3171123495
SC000,0,STUDY2,111,329288317.52467704,0,329292.6804887415
SC000,0,STUDY2,112,329295680.593085,0,329299.4629364775
SC000,0,STUDY2,113,329302467.879579,0,329305.54248441197
SC000,0,STUDY2,114,329308543.016071,0,329311.83210160653
SC000,0,STUDY2,115,329314832.385575,0,329318.368110378
SC000,0,STUDY2,116,329321368.50188,0,329324.4737060895
SC000,0,STUDY2,117,329327478.905546,0,329332.024463822
SC000,0,STUDY2,118,329335024.566936,0,329338.3733435845
SC000,0,STUDY2,119,329341373.605958,0,329344.715913574
SC000,0,STUDY2,120,329347722.639471,0,329351.57157625153
SC000,0,STUDY2,121,329354571.92101204,0,329358.087622933
SC000,0,STUDY2,122,329361094.23525006,0,329364.91242773447
SC000,0,STUDY2,123,329367916.67092496,0,329371.824590057
SC000,0,STUDY2,124,329374829.477298,0,329378.266894368
SC000,0,STUDY2,125,329381267.43817204,0,329384.743779828
SC000,0,STUDY2,126,329387749.10361195,0,329391.040571837
SC000,0,STUDY2,127,329394046.89818704,0,329397.2084306285
SC000,0,STUDY2,128,329400208.79845697,0,329404.3727577015
SC000,0,STUDY2,129,329407373.23483205,0,329411.020212827
SC000,0,STUDY2,130,329414020.412908,0,329417.545923523
SC000,0,STUDY2,131,329420552.058146,0,329424.07847809803
SC000,0,STUDY2,132,329427078.67467505,0,329431.18616165547
SC000,0,STUDY2,133,329434186.56393504,0,329439.1152637345
SC000,0,STUDY2,134,329442120.88575804,0,329447.061672848
SC000,0,STUDY2,135,329450061.965746,0,329453.3508820795
SC000,0,STUDY2,136,329456351.184453,0,329460.53653256595
SC000,0,STUDY2,137,329463537.078329,0,329467.1614936805
SC000,0,STUDY2,138,329470166.348295,0,329474.189653385
SC000,0,STUDY2,139,329477190.274889,0,329480.8989110085
SC000,0,STUDY2,140,329483899.219234,0,329486.99002193904
SC000,0,STUDY2,141,329489990.53972,0,329493.375668802
SC000,0,STUDY2,142,329496381.575099,0,329499.637677562
SC000,0,STUDY2,143,329502638.530779,0,329506.407308052
SC000,0,STUDY2,144,329509407.530806,0,329512.7716614065
SC000,0,STUDY2,145,329515771.92575,0,329519.6946218945
SC000,0,STUDY2,146,329522694.911351,0,329526.197992429
SC000,0,STUDY2,147,329529202.431602,0,329532.31856986205
SC000,0,STUDY2,148,329535318.812993,0,329538.515868288
SC000,0,STUDY2,149,329541516.750294,0,329544.7363582815
SC000,0,STUDY2,150,329547741.806697,0,329551.28257273696
SC000,0,STUDY2,151,329554282.770394,0,329558.00581959
SC000,0,STUDY2,152,329561012.637617,0,329564.2583054655
SC000,0,STUDY2,153,329567264.08145905,0,329570.20650100696
SC000,0,STUDY2,154,329573212.221929,0,329577.082388742
SC000,0,STUDY2,155,329580082.78302205,0,329583.51487584796
SC000,0,STUDY2,156,329586520.166745,0,329589.7944404055
SC000,0,STUDY2,157,329592795.165676,0,329596.3863286575
SC000,0,STUDY2,158,329599386.83256,0,329602.554313907
SC000,0,STUDY2,159,329605560.069715,0,329608.7525733115
SC000,0,STUDY2,160,329611757.936177,0,329616.2170894065
SC000,0,STUDY2,161,329619223.853276,0,329622.3963094565
SC000,0,STUDY2,162,329625397.114944,0,329628.7622279825
SC000,0,STUDY2,163,329631762.35657203,0,329635.21677206794
SC000,0,STUDY2,164,329638216.983667,0,329641.5877139465
SC000,0,STUDY2,165,329644588.143906,0,329647.04762203305
SC000,0,STUDY2,166,329650047.940624,0,329653.4722849465
SC000,0,STUDY2,167,329656472.927558,0,329659.90775447246
SC000,0,STUDY2,168,329662908.070096,0,329665.9827898565
SC000,0,STUDY2,169,329668991.91208,0,329672.31954630103
SC000,0,STUDY2,170,329675326.053303,0,329678.6644464235
SC000,0,STUDY2,171,329681664.72210395,0,329685.793964521
SC000,0,STUDY2,172,329688799.03561205,0,329692.31281443546
SC000,0,STUDY2,173,329695313.085961,0,329698.47650467
SC000,0,STUDY2,174,329701481.268528,0,329705.047355572
SC000,0,STUDY2,175,329708047.758832,0,329711.1789430455
SC000,0,STUDY2,176,329714179.535996,0,329717.4423310555
SC000,0,STUDY2,177,329720442.611481,0,329723.56097830646
SC000,0,STUDY2,178,329726561.34919,0,329729.64271302754
SC000,0,STUDY2,179,329732647.933866,0,329735.89479100704
SC000,0,STUDY2,180,329738895.48222804,0,329742.099516779
SC000,0,STUDY2,181,329745105.83622605,0,329748.60840690904
SC000,0,STUDY2,182,329751613.371725,0,329755.0322785005
SC000,0,STUDY2,183,329758039.17351997,0,329761.2512319735
SC000,0,STUDY2,184,329764251.517793,0,329767.527066499
SC000,0,STUDY2,185,329770527.752994,0,329774.392851801
SC000,0,STUDY2,186,329777400.239477,0,329780.90356607246
SC000,0,STUDY2,187,329783908.94576204,0,329787.39232475753
SC000,0,STUDY2,188,329790392.974653,0,329793.556418017
SC000,0,STUDY2,189,329796557.03385794,0,329800.435079368
SC000,0,STUDY2,190,329803440.39642197,0,329806.7857952555
SC000,0,STUDY2,191,329809792.13493997,0,329813.1985474295
SC000,0,STUDY2,192,329816198.96316695,0,329819.34420206805
SC000,0,STUDY2,193,329822344.842942,0,329825.36148931447
SC000,0,STUDY2,194,329828362.138461,0,329831.476769767
SC000,0,STUDY2,195,329834477.174039,0,329837.8034401715
SC000,0,STUDY2,196,329840808.739776,0,329844.9184166855
SC000,0,STUDY2,197,329847922.943775,0,329850.7426016055
SC000,0,STUDY2,198,329853749.221707,0,329856.9180901585
SC000,0,STUDY2,199,329859924.07941103,0,329863.667218162
SC000,0,STUDY2,200,329866667.733294,0,329869.740249321
SC000,0,STUDY2,201,329872747.568913,0,329876.26725724153
SC000,0,STUDY2,202,329879272.912724,0,329883.27673357853
SC000,0,STUDY2,203,329886277.00436497,0,329889.6307469255
SC000,0,STUDY2,204,329892631.140901,0,329896.1113446175
SC000,0,STUDY2,205,329899111.836867,0,329903.29473129904
SC000,0,STUDY2,206,329906295.085179,0,329909.86970791104
SC000,0,STUDY2,207,329912875.58633703,0,329916.201054806
SC000,0,STUDY2,208,329919201.578388,0,329923.2496850105
SC000,0,STUDY2,209,329926255.8473,0,329930.84919209697
SC000,0,STUDY2,210,329933849.87261003,0,329938.0174224415
SC000,0,STUDY2,211,329941022.619745,0,329943.9934744885
SC000,0,STUDY2,212,329946994.065206,0,329949.9332632725
SC000,0,STUDY2,213,329952938.84946203,0,329956.326677114
SC000,0,STUDY2,214,329959331.207723,0,329963.31694587204
SC000,0,STUDY2,215,329966321.917822,0,329969.874058055
SC000,0,SYNC_PULSE_TEST,-1,330340506.214332,0,330340.499812253
SC000,0,SYNC_PULSE_TEST,-1,330341500.503043,0,330341.499812253
SC000,0,SYNC_PULSE_TEST,-1,330342500.586805,0,330342.499812253
SC000,0,SYNC_PULSE_TEST,-1,330343500.05077,0,330343.499812253
SC000,0,SYNC_PULSE_TEST,-1,330344500.067811,0,330344.499812253
SC000,0,SYNC_PULSE_TEST,-1,330345500.24835104,0,330345.499812253
SC000,0,SYNC_PULSE_TEST,-1,330346500.34307003,0,330346.499812253
SC000,0,SYNC_PULSE_TEST,-1,330347500.314602,0,330347.499812253
SC000,0,SYNC_PULSE_TEST,-1,330348500.48762,0,330348.499812253
SC000,0,SYNC_PULSE_TEST,-1,330349500.189041,0,330349.499812253
SC000,0,TEST,0,330367126.180074,0,330371.696176479
SC000,0,TEST,1,330374696.417616,0,330379.4071122225
SC000,0,TEST,2,330382414.761096,0,330386.31105168746
SC000,0,TEST,3,330389311.202807,0,330392.867606184
SC000,0,TEST,4,330395872.361076,0,330400.06000422896
SC000,0,TEST,5,330403060.608494,0,330407.1785014805
SC000,0,TEST,6,330410178.606162,0,330414.1629118535
SC000,0,TEST,7,330417163.403522,0,330420.9636651965
SC000,0,TEST,8,330423963.80523205,0,330429.53464494797
SC000,0,TEST,9,330432541.57197106,0,330436.2598872285
SC000,0,TEST,10,330439265.947017,0,330442.8081830195
SC000,0,TEST,11,330445808.716514,0,330449.119668575
SC000,0,TEST,12,330452119.938973,0,330455.5800314845
SC000,0,TEST,13,330458584.31798595,0,330462.374112937
SC000,0,TEST,14,330465374.61346,0,330469.026856308
SC000,0,TEST,15,330472027.05601203,0,330475.3430320575
SC000,0,TEST,16,330478343.559038,0,330481.794466236
SC000,0,TEST,17,330484794.63484,0,330489.7736844345
SC000,0,TEST,18,330492774.210507,0,330497.4247045845
SC000,0,TEST,19,330500425.132115,0,330504.00702629297
SC000,0,TEST,20,330507007.622327,0,330510.1001850375
SC000,0,TEST,21,330513100.416573,0,330516.5109246195
SC000,0,TEST,22,330519511.35114497,0,330524.2768178325
SC000,0,TEST,23,330527281.849076,0,330531.49920648756
SC000,0,TEST,24,330534499.356877,0,330539.0820799875
SC000,0,TEST,25,330542082.177006,0,330546.5987347365
SC000,0,TEST,26,330549599.145763,0,330553.23293523653
SC000,0,TEST,27,330556233.07728,0,330559.6843761235
SC000,0,TEST,28,330562691.515247,0,330567.61637716996
SC000,0,TEST,29,330570621.645071,0,330574.0087551635
SC000,0,TEST,30,330577013.129236,0,330580.078042529
SC000,0,TEST,31,330583082.872855,0,330586.45834485
SC000,0,TEST,32,330589458.688631,0,330592.859031318
SC000,0,TEST,33,330595859.550414,0,330599.201466764
SC000,0,TEST,34,330602201.783703,0,330606.0480404005
SC000,0,TEST,35,330609048.432706,0,330613.1330792605
SC000,0,TEST,36,330616140.04162,0,330619.289915642
SC000,0,TEST,37,330622290.09081596,0,330626.8257213795
SC000,0,TEST,38,330629826.250194,0,330635.08218701347
SC000,0,TEST,39,330638083.49305797,0,330642.123138278
SC000,0,TEST,40,330645123.53789103,0,330649.4135678485
SC000,0,TEST,41,330652418.761278,0,330656.85306017497
SC000,0,TEST,42,330659860.292418,0,330663.08847918746
SC000,0,TEST,43,330666088.799402,0,330670.279497442
SC000,0,TEST,44,330673284.451238,0,330677.5279703935
SC000,0,TEST,45,330680528.25387496,0,330684.237929048
SC000,0,TEST,46,330687242.692469,0,330690.53703204147
SC000,0,TEST,47,330693537.38477,0,330698.183626917
SC000,0,TEST,48,330701183.90355897,0,330705.035694015
SC000,0,TEST,49,330708035.951571,0,330710.7272146655
SC000,0,TEST,50,330713732.451465,0,330718.294118873
SC000,0,TEST,51,330721294.363887,0,330725.418383269
SC000,0,TEST,52,330728418.821932,0,330731.6891113455
SC000,0,TEST,53,330734689.31189096,0,330738.3337864695
SC000,0,TEST,54,330741334.097547,0,330745.98568177153
SC000,0,TEST,55,330748985.980462,0,330752.342194573
SC000,0,TEST,56,330755342.891643,0,330759.8488620895
SC000,0,TEST,57,330762849.151707,0,330766.4892273955
SC000,0,TEST,58,330769489.481744,0,330773.62370185
SC000,0,TEST,59,330776624.088588,0,330780.2954124515
SC000,0,TEST,60,330783295.553597,0,330786.3770952545
SC000,0,TEST,61,330789377.626869,0,330792.919811203
SC000,0,TEST,62,330795919.962377,0,330799.096426701
SC000,0,TEST,63,330802101.69684005,0,330806.61771926645
SC000,0,TEST,64,330809626.49076504,0,330812.56115799455
SC000,0,TEST,65,330815561.474278,0,330818.98633255996
SC000,0,TEST,66,330821987.590404,0,330826.0612082505
SC000,0,TEST,67,330829065.954091,0,330832.645557384
SC000,0,TEST,68,330835646.570842,0,330838.658088564
SC000,0,TEST,69,330841662.479639,0,330844.94786246
SC000,0,TEST,70,330847948.79355603,0,330850.93639921246
SC000,0,TEST,71,330853940.70142,0,330857.17891951953
SC000,0,TEST,72,330860184.12109697,0,330864.3313748925
SC000,0,TEST,73,330867331.9725,0,330870.7141950535
SC000,0,TEST,74,330873720.316176,0,330877.721704824
SC000,0,TEST,75,330880726.750473,0,330884.741774232
SC000,0,TEST,76,330887746.87432605,0,330891.27706319303
SC000,0,TEST,77,330894283.46268,0,330897.445904067
SC000,0,TEST,78,330900446.47659904,0,330903.729681213
SC000,0,TEST,79,330906735.228148,0,330909.80515324755
SC000,0,TEST,80,330912809.31473196,0,330916.192795811
SC000,0,TEST,81,330919193.271567,0,330922.621997131
SC000,0,TEST,82,330925622.60259,0,330928.7856512745
SC000,0,TEST,83,330931785.763144,0,330934.9224532285
SC000,0,TEST,84,330937928.45275396,0,330940.9830529435
SC000,0,TEST,85,330943989.42479604,0,330947.443561629
SC000,0,TEST,86,330950443.96123904,0,330953.4821226675
SC000,0,TEST,87,330956482.414369,0,330959.6765228215
SC000,0,TEST,88,330962677.203464,0,330966.8673616925
SC000,0,TEST,89,330969867.575623,0,330973.2466669585
SC000,0,TEST,90,330976247.155709,0,330980.4298164675
SC000,0,TEST,91,330983430.00792,0,330986.97840547655
SC000,0,TEST,92,330989978.961171,0,330993.727262921
SC000,0,TEST,93,330996732.41279,0,331000.013239512
SC000,0,TEST,94,331003013.369934,0,331007.30438842403
SC000,0,TEST,95,331010309.824036,0,331014.685329015
SC000,0,TEST,96,331017690.217411,0,331020.978858914
SC000,0,TEST,97,331023979.21032596,0,331027.935476189
SC000,0,TEST,98,331030940.742307,0,331035.181926448
SC000,0,TEST,99,331038182.33717,0,331041.4148598825
SC000,0,TEST,100,331044421.471936,0,331047.919889704
SC000,0,TEST,101,331050924.28798395,0,331054.10024336947
SC000,0,TEST,102,331057100.44982404,0,331060.81089395
SC000,0,TEST,103,331063811.483922,0,331066.26254796004
SC000,0,TEST,104,331069262.992057,0,331073.1929349805
SC000,0,TEST,105,331076197.747318,0,331079.7676437235
SC000,0,TEST,106,331082773.450281,0,331086.0860910255
SC000,0,TEST,107,331089086.584162,0,331092.840818424
SC000,0,TEST,108,331095841.27001,0,331099.023389332
SC000,0,TEST,109,331102023.950374,0,331105.39180329803
SC000,0,TEST,110,331108397.692711,0,331114.05801880546
SC000,0,TEST,111,331117058.521237,0,331120.93689765397
SC000,0,TEST,112,331123937.14732003,0,331127.489289275
SC000,0,TEST,113,331130489.57551104,0,331134.321100089
SC000,0,TEST,114,331137321.31178004,0,331141.7906811475
SC000,0,TEST,115,331144790.859117,0,331149.14354295295
SC000,0,TEST,116,331152143.688629,0,331155.6359633655
SC000,0,TEST,117,331158636.287804,0,331162.079433091
SC000,0,TEST,118,331165086.45902103,0,331169.03634172946
SC000,0,TEST,119,331172041.819848,0,331176.6489993625
SC000,0,TEST,120,331179649.574213,0,331183.1743995365
SC000,0,TEST,121,331186174.67950195,0,331190.66694690497
SC000,0,TEST,122,331193672.170761,0,331197.1154737215
SC000,0,TEST,123,331200116.049703,0,331204.1864627965
SC000,0,TEST,124,331207186.668778,0,331211.18241394055
SC000,0,TEST,125,331214183.089815,0,331218.1904689545
SC000,0,TEST,126,331221190.872513,0,331225.1585708655
SC000,0,TEST,127,331228163.432532,0,331231.398867491
SC000,0,TEST,128,331234399.20022404,0,331238.15622257
SC000,0,TEST,129,331241156.473609,0,331244.3176260225
SC000,0,TEST,130,331247323.144866,0,331250.9501219315
SC000,0,TEST,131,331253955.890709,0,331258.463964052
SC000,0,TEST,132,331261464.076479,0,331264.4564699695
SC000,0,TEST,133,331267463.223636,0,331270.7693576025
SC000,0,TEST,134,331273769.866912,0,331278.928121901
SC000,0,TEST,135,331281928.260122,0,331285.9904031695
SC000,0,TEST,136,331288990.84941,0,331292.694715063
SC000,0,TEST,137,331295700.860241,0,331300.2010425705
SC000,0,TEST,138,331303201.581398,0,331306.5977299685
SC000,0,TEST,139,331309598.05515295,0,331312.7326598995
SC000,0,TEST,140,331315737.913536,0,331319.4650414565
SC000,0,TEST,141,331322465.45317,0,331325.71156466997
SC000,0,TEST,142,331328711.961169,0,331331.8629522065
SC000,0,TEST,143,331334863.293864,0,331338.196965108
SC000,0,TEST,144,331341197.295998,0,331344.383932142
SC000,0,TEST,145,331347388.897961,0,331351.2311068145
SC000,0,TEST,146,331354231.30443,0,331357.5362118735
SC000,0,TEST,147,331360536.867542,0,331363.628553381
SC000,0,TEST,148,331366629.305858,0,331369.69030912
SC000,0,TEST,149,331372690.712094,0,331376.7520663175
SC000,0,TEST,150,331379752.311488,0,331383.16777152
SC000,0,TEST,151,331386173.63394403,0,331389.561873827
SC000,0,TEST,152,331392562.418264,0,331396.6286318955
SC000,0,TEST,153,331399629.263955,0,331402.9094633535
SC000,0,TEST,154,331405909.735828,0,331409.2166984065
SC000,0,TEST,155,331412217.138063,0,331415.2888424915
SC000,0,TEST,156,331418289.48359597,0,331421.5343030085
SC000,0,TEST,157,331424539.238178,0,331429.1509651835
SC000,0,TEST,158,331432156.948907,0,331435.1729497375
SC000,0,TEST,159,331438177.83282,0,331442.53897112096
SC000,0,TEST,160,331445539.337352,0,331449.0138801065
SC000,0,TEST,161,331452014.562093,0,331455.73554597003
SC000,0,TEST,162,331458740.06779397,0,331462.1130976385
SC000,0,TEST,163,331465113.264491,0,331470.5208317605
SC000,0,TEST,164,331473521.009274,0,331477.0958840205
SC000,0,TEST,165,331480102.02402,0,331484.134781759
SC000,0,TEST,166,331487135.458989,0,331490.9446992295
SC000,0,TEST,167,331493945.186454,0,331497.7301304065
SC000,0,TEST,168,331500730.282899,0,331504.220094081
SC000,0,TEST,169,331507226.336834,0,331510.933308344
SC000,0,TEST,170,331513933.975645,0,331517.49739429296
SC000,0,TEST,171,331520498.06278896,0,331524.81975824595
SC000,0,TEST,172,331527819.940011,0,331531.9650593805
SC000,0,TEST,173,331534965.737701,0,331538.76001756603
SC000,0,TEST,174,331541760.324629,0,331546.0164290325
SC000,0,TEST,175,331549021.066412,0,331552.709528657
SC000,0,TEST,176,331555710.50610703,0,331559.316860859
SC000,0,TEST,177,331562322.452196,0,331565.690973365
SC000,0,TEST,178,331568691.11423504,0,331571.9479338745
SC000,0,TEST,179,331574948.36398,0,331578.3535203005
SC000,0,TEST,180,331581354.02512497,0,331585.14321969205
SC000,0,TEST,181,331588143.713442,0,331592.0833611005
SC000,0,TEST,182,331595088.287751,0,331598.313055285
SC000,0,TEST,183,331601318.286084,0,331605.00330291747
SC000,0,TEST,184,331608003.56428695,0,331611.898695807
SC000,0,TEST,185,331614903.589624,0,331618.94559693197
SC000,0,TEST,186,331621946.176996,0,331625.967910818
SC000,0,TEST,187,331628973.304783,0,331632.65863916546
SC000,0,TEST,188,331635664.393023,0,331638.5640951065
SC000,0,TEST,189,331641564.34805095,0,331644.87018581503
SC000,0,TEST,190,331647876.72596,0,331651.2419991675
SC000,0,TEST,191,331654247.437358,0,331657.407439509
