subject,session,experiment_phase,event,trial_index,sync_time,orient_time,trial_time,time_to_respond,log_num,log_time
SC000,0,STUDY1,ENCODING_LONG,0,326536211.17927796,326536255.424642,326538222.449562,1646.54426346533,0,326539.90196890547
SC000,0,STUDY1,ENCODING_LONG,1,326542902.145761,326542939.172405,326544921.480691,2026.3932705274783,0,326546.9655656755
SC000,0,STUDY1,ENCODING_LONG,2,326549970.939404,326549992.957968,326551979.66532004,2731.5405050176196,0,326554.724498473
SC000,0,STUDY1,ENCODING_LONG,3,326557729.183501,326557750.706537,326559740.14143795,2042.125987529289,0,326561.7928325245
SC000,0,STUDY1,ENCODING_LONG,4,326564793.21505296,326564824.131913,326566817.305881,1870.8325129700825,0,326568.694964426
SC000,0,STUDY1,ENCODING_LONG,5,326571702.021289,326571722.003292,326573710.260145,1827.747676987201,0,326575.549750969
SC000,0,STUDY1,ENCODING_LONG,6,326578549.88286597,326578581.134179,326580568.98807,1757.8370559494942,0,326582.338971235
SC000,0,STUDY1,ENCODING_LONG,7,326585345.035837,326585364.98561895,326587352.977434,2136.8551625637338,0,326589.50184078154
SC000,0,STUDY1,ENCODING_LONG,8,326592502.11982095,326592533.918609,326594522.074084,1457.588458491955,0,326595.9915070675
SC000,0,STUDY1,ENCODING_LONG,9,326598991.90699697,326599021.48535496,326601010.623103,2327.182351029478,0,326603.348667706
SC000,0,STUDY1,ENCODING_LONG,10,326606354.628606,326606374.324645,326608362.437313,1925.8206970407628,0,326610.300145342
SC000,0,STUDY1,ENCODING_LONG,11,326613305.050285,326613326.45176995,326615317.96993405,1429.1519680409692,0,326616.755603738
SC000,0,STUDY1,ENCODING_LONG,12,326619755.889726,326619785.41804,326621773.772661,3268.5888555133715,0,326625.0540068955
SC000,0,STUDY1,ENCODING_LONG,13,326628055.241518,326628097.29441303,326630068.48728204,2851.419418002479,0,326632.948713831
SC000,0,STUDY1,ENCODING_LONG,14,326635953.007065,326635972.415899,326637960.39511895,2497.6215100032277,0,326640.470037409
SC000,0,STUDY1,ENCODING_LONG,15,326643470.21984404,326643509.927049,326645485.340696,2071.206928056199,0,326647.58113397704
SC000,0,STUDY1,ENCODING_LONG,16,326650581.41741,326650608.812823,326652601.60337704,2055.801214009989,0,326654.664614037
SC000,0,STUDY1,ENCODING_LONG,17,326657665.051122,326657695.56424,326659683.915393,1528.6236875108443,0,326661.2241879275
SC000,0,STUDY1,ENCODING_LONG,18,326664224.634904,326664252.654729,326666241.951433,1823.78785853507,0,326668.07644258754
SC000,0,STUDY1,ENCODING_LONG,19,326671076.625104,326671103.881325,326673092.038219,1667.0931880362332,0,326674.770974513
SC000,0,STUDY1,ENCODING_LONG,20,326677771.294225,326677811.207878,326679783.058416,1459.8807464935817,0,326681.2710886245
SC000,0,STUDY1,ENCODING_LONG,21,326684279.01652,326684297.891239,326686285.876389,2158.625790500082,0,326688.4565170295
SC000,0,STUDY1,ENCODING_LONG,22,326691457.11763805,326691487.845493,326693476.042924,1827.6238964754157,0,326695.3154693895
SC000,0,STUDY1,ENCODING_LONG,23,326698320.564912,326698340.091195,326700330.646721,1898.818596964702,0,326702.238909792
SC000,0,STUDY1,ENCODING_LONG,24,326705239.439048,326705271.456652,326707262.319554,2762.093604018446,0,326710.033550256
SC000,0,STUDY1,ENCODING_LONG,25,326713033.78394395,326713073.821639,326715046.577465,1899.0168675081804,0,326716.9728385065
SC000,0,STUDY1,ENCODING_LONG,26,326719978.043,326719997.246757,326721986.824656,1604.270899493713,0,326723.60151765647
SC000,0,STUDY1,ENCODING_LONG,27,326726601.725115,326726641.20841604,326728617.95617795,1417.5951154902577,0,326730.0588035315
SC000,0,STUDY1,ENCODING_LONG,28,326733059.24455297,326733086.406238,326735074.332538,1517.6171364728361,0,326736.6040233745
SC000,0,STUDY1,ENCODING_LONG,29,326739604.834975,326739645.858567,326741618.75349,1963.3593275211751,0,326743.6092178945
SC000,0,STUDY1,ENCODING_LONG,30,326746609.664073,326746636.91455495,326748630.233417,2415.615047502797,0,326751.0525296025
SC000,0,STUDY1,ENCODING_LONG,31,326754060.367713,326754080.57746696,326756068.447873,1409.0398009866476,0,326757.489617268
SC000,0,STUDY1,ENCODING_LONG,32,326760490.07166797,326760518.912808,326762506.877332,1641.290845000185,0,326764.160203653
SC000,0,STUDY1,ENCODING_LONG,33,326767165.65684503,326767185.478052,326769173.24162894,1480.1474909763783,0,326770.665625543
SC000,0,STUDY1,ENCODING_LONG,34,326773672.135607,326773694.91438997,326775682.903925,1758.1943414988928,0,326777.4531087315
SC000,0,STUDY1,ENCODING_LONG,35,326780459.059079,326780478.473365,326782466.429693,1330.2746679983102,0,326783.808748033
SC000,0,STUDY1,ENCODING_LONG,36,326786808.89089596,326786835.968182,326788824.780692,1803.5342390066944,0,326790.639502421
SC000,0,STUDY1,ENCODING_LONG,37,326793640.081089,326793667.737594,326795657.202828,2419.686178502161,0,326798.0874237725
SC000,0,STUDY1,ENCODING_LONG,38,326801088.12613904,326801130.20892096,326803101.538626,1625.3675395273603,0,326804.7555764605
SC000,0,STUDY1,ENCODING_LONG,39,326807761.748669,326807782.075511,326809770.112387,2169.1188950208016,0,326811.951194406
SC000,0,STUDY1,ENCODING_LONG,40,326814956.611616,326814976.309593,326816965.334213,1563.3961645071395,0,326818.5397057575
SC000,0,STUDY1,ENCODING_LONG,41,326821539.797547,326821569.68106496,326823557.512565,1246.8209604849108,0,326824.81650202547
SC000,0,STUDY1,ENCODING_LONG,42,326827822.641916,326827842.17534,326829830.796197,1530.3183420328423,0,326831.372493682
SC000,0,STUDY1,ENCODING_LONG,43,326834372.986394,326834401.80884,326836389.412086,1280.245129019022,0,326837.682053969
SC000,0,STUDY1,ENCODING_LONG,44,326840686.683599,326840706.384684,326842700.32566905,2118.3757170219906,0,326844.82476040104
SC000,0,STUDY1,ENCODING_LONG,45,326847831.957183,326847852.293345,326849842.009145,1683.4068560274318,0,326851.535700201
SC000,0,STUDY1,ENCODING_LONG,46,326854535.837754,326854577.399788,326856548.764802,1340.2911779703572,0,326857.917690966
SC000,0,STUDY1,ENCODING_LONG,47,326860918.311816,326860945.735558,326862933.68060005,2222.5608060252853,0,326865.168296364
SC000,0,STUDY1,ENCODING_LONG,48,326868168.57545,326868195.86823004,326870183.99265003,1462.1245619491674,0,326871.65799279197
SC000,0,STUDY1,ENCODING_LONG,49,326874658.281157,326874687.20432705,326876680.63467395,1797.4728280096315,0,326878.48467715504
SC000,0,STUDY1,ENCODING_LONG,50,326881492.19007903,326881512.372782,326883500.74757797,1754.0241305250674,0,326885.2663969125
SC000,0,STUDY1,ENCODING_LONG,51,326888267.371828,326888304.17599404,326890275.7273,1762.9710214678198,0,326892.0671470155
SC000,0,STUDY1,ENCODING_LONG,52,326895067.73127097,326895097.379753,326897085.566287,1693.0702469544485,0,326898.79045
SC000,0,STUDY1,ENCODING_LONG,53,326901790.639122,326901830.36897,326903803.047193,2150.623560475651,0,326905.9809925305
SC000,0,STUDY1,ENCODING_LONG,54,326908985.992636,326909005.47822404,326910996.80422,1606.6363559802994,0,326912.61211458
SC000,0,STUDY1,ENCODING_LONG,55,326915612.53510004,326915642.664905,326917630.44529897,2630.940160539467,0,326920.27360506554
SC000,0,STUDY1,ENCODING_LONG,56,326923280.668192,326923300.784779,326925289.086881,1972.3689149832353,0,326927.273153694
SC000,0,STUDY1,ENCODING_LONG,57,326930273.633366,326930300.99105704,326932289.06806195,1484.7620209911838,0,326933.785753078
SC000,0,STUDY1,ENCODING_LONG,58,326936786.189955,326936813.341646,326938802.779057,1380.3859510226175,0,326940.193727597
SC000,0,STUDY1,ENCODING_LONG,59,326943194.53719896,326943233.258774,326945205.827696,1499.1717640659772,0,326946.73243053805
SC000,0,STUDY1,ENCODING_LONG,60,326949732.828421,326949759.61231303,326951747.928952,1658.3303539664485,0,326953.417942667
SC000,0,STUDY1,ENCODING_LONG,61,326956425.652617,326956444.029558,326958433.20022696,2119.987061014399,0,326960.564016619
SC000,0,STUDY1,ENCODING_LONG,62,326963564.34191895,326963603.73457396,326965575.175027,2110.8288894756697,0,326967.71456346347
SC000,0,STUDY1,ENCODING_LONG,63,326970720.652156,326970740.440131,326972729.384157,1726.765958010219,0,326974.467206089
SC000,0,STUDY1,ENCODING_LONG,64,326977472.861266,326977494.587955,326979483.91643703,1567.7605855162255,0,326981.0623485405
SC000,0,STUDY1,ENCODING_LONG,65,326984062.904988,326984090.316838,326986079.06238,2010.0894150091335,0,326988.100406253
SC000,0,STUDY1,ENCODING_LONG,66,326991101.002795,326991128.71434,326993117.73982704,1985.3484785417095,0,326995.1140628185
SC000,0,STUDY1,ENCODING_LONG,67,326998114.851775,326998144.755986,327000132.92727494,2315.866767487023,0,327002.4606227535
SC000,0,STUDY1,ENCODING_LONG,68,327005466.02016,327005485.777501,327007475.258696,1423.4749034512788,0,327008.90925240447
SC000,0,STUDY1,ENCODING_LONG,69,327011909.86152,327011936.622117,327013925.983037,1905.7231869664975,0,327015.842345304
SC000,0,STUDY1,ENCODING_LONG,70,327018842.732083,327018870.80279803,327020862.121197,1573.5636324970983,0,327022.4443664305
SC000,0,STUDY1,ENCODING_LONG,71,327025444.931879,327025475.724846,327027463.729526,1313.42419446446,0,327028.7891490405
SC000,0,STUDY1,ENCODING_LONG,72,327031789.47078,327031816.490023,327033804.408602,1492.1252075000666,0,327035.3086152305
SC000,0,STUDY1,ENCODING_LONG,73,327038308.72186,327038336.44853,327040324.391442,1757.837634475436,0,327042.0942861645
SC000,0,STUDY1,ENCODING_LONG,74,327045094.767173,327045122.98082,327047111.711703,2761.486725474242,0,327049.8844675455
SC000,0,STUDY1,ENCODING_LONG,75,327052890.17758,327052910.022963,327054898.326258,1799.383667006623,0,327056.70940663
SC000,0,STUDY1,ENCODING_LONG,76,327059710.05337304,327059749.214227,327061728.183215,2994.479114015121,0,327064.74369334104
SC000,0,STUDY1,ENCODING_LONG,77,327171365.518092,327171420.957396,327173383.26455003,1371.6253385064192,0,327174.7925827345
SC000,0,STUDY1,ENCODING_LONG,78,327177793.483009,327177833.73737204,327179801.86747,1591.8795730103739,0,327181.425616945
SC000,0,STUDY1,ENCODING_LONG,79,327184425.70822304,327184452.955486,327186441.191042,1074.9448714777827,0,327187.5279003575
SC000,0,STUDY1,ENCODING_LONG,80,327190528.530419,327190555.922669,327192546.377214,2394.8838704964146,0,327194.9508065395
SC000,0,STUDY1,ENCODING_LONG,81,327197951.292251,327197982.751235,327199973.146856,1398.4364269999787,0,327201.381187662
SC000,0,STUDY1,ENCODING_LONG,82,327204386.84547096,327204409.242032,327206397.12510896,1961.0010650358163,0,327208.370243097
SC000,0,STUDY1,ENCODING_LONG,83,327211370.470089,327211398.214809,327213386.492634,1172.0382010098547,0,327214.57025301
SC000,0,STUDY1,ENCODING_LONG,84,327217570.485421,327217599.03778297,327219591.41282105,1809.054664510768,0,327221.4080924475
SC000,0,STUDY1,ENCODING_LONG,85,327224408.580378,327224436.262606,327226424.220438,1291.4079659967683,0,327227.727670572
SC000,0,STUDY1,ENCODING_LONG,86,327230733.26037997,327230752.93129504,327232741.005165,1611.1400229856372,0,327234.364071318
SC000,0,STUDY1,ENCODING_LONG,87,327237368.45584804,327237390.63267004,327239378.405925,705.903951486107,0,327240.0965366215
SC000,0,STUDY1,ENCODING_LONG,88,327243097.00170004,327243124.558668,327245112.49942297,1524.1279950132594,0,327246.648686663
SC000,0,STUDY1,ENCODING_LONG,89,327249648.945926,327249678.32485706,327251666.617869,1943.9683475065976,0,327253.62229320453
SC000,0,STUDY1,ENCODING_LONG,90,327256622.662514,327256652.51725096,327258640.44105303,1189.28573501762,0,327259.841802986
SC000,0,STUDY1,ENCODING_LONG,91,327262841.979099,327262870.30344397,327264852.464442,1587.7578075160272,0,327266.4580612515
SC000,0,STUDY1,ENCODING_LONG,92,327269464.08707297,327269483.483736,327271473.232469,2312.4467479647137,0,327273.79593048396
SC000,0,STUDY1,ENCODING_LONG,93,327276802.496529,327276822.869887,327278811.063404,1005.3350435337052,0,327279.8282049305
SC000,0,STUDY1,ENCODING_LONG,94,327282828.307911,327282856.429442,327284844.032409,1724.0522190113552,0,327286.580481661
SC000,0,STUDY1,ENCODING_LONG,95,327289589.22981805,327289608.286125,327291596.449712,2018.7966090161353,0,327293.627082734
SC000,0,STUDY1,ENCODING_LONG,96,327296632.80974,327296652.533652,327298644.360993,1275.8148650173098,0,327299.92834851705
SC000,0,STUDY1,ENCODING_LONG,97,327302928.901206,327302959.001625,327304947.174273,1942.5238035037182,0,327306.9015254285
SC000,0,STUDY1,ENCODING_LONG,98,327309901.934031,327309930.340152,327311918.368425,2258.2455630181357,0,327314.188585715
SC000,0,STUDY1,ENCODING_LONG,99,327317194.608562,327317214.15340096,327319202.126493,1616.748565575108,0,327320.83090196655
SC000,0,STUDY1,ENCODING_LONG,100,327323831.449992,327323869.813977,327325839.572705,2217.0678515103646,0,327328.0868818285
SC000,0,STUDY1,ENCODING_LONG,101,327331087.183717,327331116.79869,327333105.257308,1845.9651109878905,0,327334.962763801
SC000,0,STUDY1,ENCODING_LONG,102,327337967.911372,327337987.96082497,327339977.295518,2577.571327565238,0,327342.56553215254
SC000,0,STUDY1,ENCODING_LONG,103,327345571.12122405,327345591.22036797,327347579.600397,2083.3115790155716,0,327349.674531947
SC000,0,STUDY1,ENCODING_LONG,104,327352679.424892,327352698.995587,327354686.900531,1819.187527464237,0,327356.5181831145
SC000,0,STUDY1,ENCODING_LONG,105,327359518.596664,327359547.526816,327361537.572816,1542.5242629717104,0,327363.090051079
SC000,0,STUDY1,ENCODING_LONG,106,327366090.290994,327366117.285768,327368105.424358,1844.9789925361983,0,327369.9622647605
SC000,0,STUDY1,ENCODING_LONG,107,327372967.316732,327372986.94683,327374976.249843,1447.2366234986112,0,327376.4341834535
SC000,0,STUDY1,ENCODING_LONG,108,327379434.480606,327379463.14265203,327381452.270343,1513.199327455368,0,327382.97634197946
SC000,0,STUDY1,ENCODING_LONG,109,327385976.824711,327386013.66572404,327387985.047773,1516.5466195321642,0,327389.53021234355
SC000,0,STUDY1,ENCODING_LONG,110,327392530.31541795,327392558.12880003,327394547.32199395,1285.4261365137063,0,327395.8435549365
SC000,0,STUDY1,ENCODING_LONG,111,327398848.085513,327398867.820904,327400859.032822,1504.0022685425356,0,327402.37182317255
SC000,0,STUDY1,ENCODING_LONG,112,327405372.491161,327405411.471022,327407388.469005,2184.9785270169377,0,327409.596449549
SC000,0,STUDY1,ENCODING_LONG,113,327412601.878789,327412622.243171,327414611.560548,1753.2961360411718,0,327416.375539307
SC000,0,STUDY1,ENCODING_LONG,114,327419381.9064,327419401.373657,327421393.56702,1905.4593620239757,0,327423.306833019
SC000,0,STUDY1,ENCODING_LONG,115,327426307.22802705,327426344.957865,327428316.47626996,2779.36177252559,0,327431.12431963754
SC000,0,STUDY1,ENCODING_LONG,116,327434124.941351,327434162.217923,327436133.51140296,1498.6705215414986,0,327437.6608884445
SC000,0,STUDY1,ENCODING_LONG,117,327440666.96922,327440687.792969,327442677.14157504,1816.8736859806813,0,327444.504666655
SC000,0,STUDY1,ENCODING_LONG,118,327447505.025719,327447546.306225,327449520.079382,2047.6367285009474,0,327451.5939429535
SC000,0,STUDY1,ENCODING_LONG,119,327454599.170116,327454619.22681403,327456608.950231,1199.2702084826306,0,327457.8184970225
SC000,0,STUDY1,ENCODING_LONG,120,327460818.715411,327460845.787564,327462834.828117,1229.6858199988492,0,327464.075473384
SC000,0,STUDY1,ENCODING_LONG,121,327467075.589753,327467105.628424,327469093.628713,1941.460732021369,0,327471.047089156
SC000,0,STUDY1,ENCODING_LONG,122,327474047.513442,327474078.533689,327476066.87233603,2862.9904094850644,0,327478.9415240985
SC000,0,STUDY1,ENCODING_LONG,123,327481947.413548,327481967.264243,327483958.867418,1596.7261390178464,0,327485.563990382
SC000,0,STUDY1,ENCODING_LONG,124,327488569.25796896,327488588.649514,327490576.99770606,1716.1848369869404,0,327492.304834351
SC000,0,STUDY1,ENCODING_LONG,125,327495309.812755,327495329.568142,327497320.18827003,1582.1961690089665,0,327498.911764311
SC000,0,STUDY1,ENCODING_LONG,126,327501918.69866097,327501938.950879,327503927.226638,1283.4417085396126,0,327505.2223925875
SC000,0,STUDY1,ENCODING_LONG,127,327508222.642084,327508262.971499,327510234.62412,1197.883567016106,0,327511.460855066
SC000,0,STUDY1,ENCODING_LONG,128,327514460.963983,327514490.279602,327516479.571092,2328.746590996161,0,327518.819026193
SC000,0,STUDY1,ENCODING_LONG,129,327521819.16695,327521846.371236,327523834.531237,1421.4949969900772,0,327525.267866233
SC000,0,STUDY1,ENCODING_LONG,130,327528268.370424,327528298.896452,327530274.688872,1551.5140394563787,0,327531.85041049146
SC000,0,STUDY1,ENCODING_LONG,131,327534850.710464,327534878.39393497,327536859.867145,1680.2575425244868,0,327538.5586514775
SC000,0,STUDY1,ENCODING_LONG,132,327541558.80258805,327541588.30491805,327543576.33035296,1983.7921794969589,0,327545.5720970975
SC000,0,STUDY1,ENCODING_LONG,133,327548572.27366203,327548612.378076,327550583.8467,1315.5655995360576,0,327551.92794367555
SC000,0,STUDY1,ENCODING_LONG,134,327554928.26101,327554955.145596,327556943.15112203,1575.4758910043165,0,327558.530621487
SC000,0,STUDY1,ENCODING_LONG,135,327561531.16152096,327561564.006798,327563537.174024,1605.6286899838597,0,327565.169635488
SC000,0,STUDY1,ENCODING_LONG,136,327568170.252985,327568198.88477397,327570176.76475,1182.2056559612975,0,327571.38109042996
SC000,0,STUDY1,ENCODING_LONG,137,327574381.741632,327574410.68769395,327576398.585076,1230.1750970073044,0,327577.640862791
SC000,0,STUDY1,ENCODING_LONG,138,327580641.186914,327580668.50043404,327582656.838172,1655.2902534604073,0,327584.3237906875
SC000,0,STUDY1,ENCODING_LONG,139,327587324.337602,327587353.35260403,327589341.261313,2733.5519249900244,0,327592.086904529
SC000,0,STUDY1,ENCODING_LONG,140,327595091.848597,327595111.220297,327597099.62326103,1691.2785384920426,0,327598.8024988355
SC000,0,STUDY1,ENCODING_LONG,141,327601802.639128,327601831.380431,327603819.147383,1845.8140864386223,0,327605.67719451746
SC000,0,STUDY1,ENCODING_LONG,142,327608682.812558,327608704.90020394,327610692.767426,1475.8444925537333,0,327612.1807446965
SC000,0,STUDY1,ENCODING_LONG,143,327615180.8725,327615210.229702,327617193.281603,2475.0363899511285,0,327619.68526609195
SC000,0,STUDY1,ENCODING_LONG,144,327622686.33847004,327622729.586994,327624703.215589,1949.1761085228063,0,327626.6787631025
SC000,0,STUDY1,ENCODING_LONG,145,327629679.056334,327629719.046727,327631691.84558797,2151.837433979381,0,327633.870884161
SC000,0,STUDY1,ENCODING_LONG,146,327636871.026418,327636898.058772,327638889.245425,1277.8474824735895,0,327640.1759062545
SC000,0,STUDY1,ENCODING_LONG,147,327643182.13604504,327643202.155589,327645191.246854,1532.1253209840506,0,327646.73428091
SC000,0,STUDY1,ENCODING_LONG,148,327649734.90119106,327649761.800981,327651751.559003,1227.4060209747404,0,327652.989207002
SC000,0,STUDY1,ENCODING_LONG,149,327655994.13775504,327656013.915188,327658007.514265,1218.474082998,0,327659.232389271
SC000,0,STUDY1,ENCODING_LONG,150,327662239.84800404,327662259.454463,327664247.651648,1850.4515109816566,0,327666.109905974
SC000,0,STUDY1,ENCODING_LONG,151,327669115.357693,327669134.949737,327671122.60732,1399.0934339817613,0,327672.534043171
SC000,0,STUDY1,ENCODING_LONG,152,327675539.71828604,327675559.07894796,327677546.99411696,2209.4081779941916,0,327679.768487126
SC000,0,STUDY1,ENCODING_LONG,153,327682773.145822,327682792.65748805,327684785.525895,1256.430338951759,0,327686.049087827
SC000,0,STUDY1,ENCODING_LONG,154,327689054.689219,327689074.354078,327691062.27506804,1748.8864150363952,0,327692.823240493
SC000,0,STUDY1,ENCODING_LONG,155,327695823.645947,327695863.479461,327697839.9229,2074.3614539969712,0,327699.937840915
SC000,0,STUDY1,ENCODING_LONG,156,327702942.897691,327702962.16654104,327704951.68493,1857.9810439841822,0,327706.820147585
SC000,0,STUDY1,ENCODING_LONG,157,327709820.232212,327709847.25836897,327711840.320131,2130.7883855188265,0,327713.9780467545
SC000,0,STUDY1,ENCODING_LONG,158,327716983.426629,327717003.32144004,327718991.57246304,1681.6786724957637,0,327720.6850001125
SC000,0,STUDY1,ENCODING_LONG,159,327723685.756461,327723725.36410296,327725696.554827,1178.9905314799398,0,327726.90435463446
SC000,0,STUDY1,ENCODING_LONG,160,327729909.657054,327729929.161411,327731925.578964,1709.0041894698516,0,327733.6381656005
SC000,0,STUDY1,ENCODING_LONG,161,327736643.83401,327736663.490526,327738654.735237,1684.8121109651402,0,327740.348302637
SC000,0,STUDY1,ENCODING_LONG,162,327743348.60508204,327743377.16388,327745367.619205,1783.604029507842,0,327747.1607679095
SC000,0,STUDY1,ENCODING_LONG,163,327750165.992916,327750187.546251,327752176.51954603,2530.275925528258,0,327754.7178221765
SC000,0,STUDY1,ENCODING_LONG,164,327757718.002128,327757757.941646,327759729.612551,2486.05010000756,0,327762.243991746
SC000,0,STUDY1,ENCODING_LONG,165,327765249.47857404,327765269.31009,327767257.769773,2349.712337483652,0,327769.6190224275
SC000,0,STUDY1,ENCODING_LONG,166,327772619.58743703,327772648.494824,327774638.647524,1229.4216974987648,0,327775.8779165215
SC000,0,STUDY1,ENCODING_LONG,167,327778878.414362,327778918.66759896,327780890.22257704,1533.7488035438582,0,327782.4524164025
SC000,0,STUDY1,ENCODING_LONG,168,327785458.49384,327785477.873386,327787466.00308394,1903.8155555026606,0,327789.3816889415
SC000,0,STUDY1,ENCODING_LONG,169,327792381.886382,327792412.982838,327794391.031339,1215.6534264795482,0,327795.6286362645
SC000,0,STUDY1,ENCODING_LONG,170,327798628.901008,327798659.234413,327800647.375868,1200.6654280121438,0,327801.859899841
SC000,0,STUDY1,ENCODING_LONG,171,327804865.025001,327804884.616978,327806872.752329,1492.4989540013485,0,327808.377115932
SC000,0,STUDY1,ENCODING_LONG,172,327811377.23062503,327811406.840635,327813394.95664495,1810.8391074929386,0,327815.2176797425
SC000,0,STUDY1,ENCODING_LONG,173,327818218.45936406,327818257.462273,327820228.72363997,2216.3721750257537,0,327822.473834448
SC000,0,STUDY1,ENCODING_LONG,174,327825473.975097,327825501.307619,327827489.41982603,1107.106500538066,0,327828.6084141195
SC000,0,STUDY1,ENCODING_LONG,175,327831608.707469,327831635.513089,327833623.583601,1680.2147234557196,0,327835.31572781247
SC000,0,STUDY1,ENCODING_LONG,176,327838316.386558,327838343.93331796,327840331.87288195,1281.3440055469982,0,327841.62527732353
SC000,0,STUDY1,ENCODING_LONG,177,327844630.428939,327844650.046236,327846638.313028,1102.8518335078843,0,327847.7528980695
SC000,0,STUDY1,ENCODING_LONG,178,327850758.309776,327850777.577895,327852765.45987,1444.158355530817,0,327854.2217362505
SC000,0,STUDY1,ENCODING_LONG,179,327857222.383596,327857261.759296,327859236.544406,1718.3235959964804,0,327860.980082892
SC000,0,STUDY1,ENCODING_LONG,180,327863980.358741,327864018.427049,327865989.963198,3030.833260039799,0,327869.049260309
SC000,0,STUDY1,ENCODING_LONG,181,327872049.497421,327872089.02342,327874060.60446,1378.0093864770606,0,327875.4670328065
SC000,0,STUDY1,ENCODING_LONG,182,327878467.541003,327878507.688214,327880479.701134,1562.3596094665118,0,327882.0700478235
SC000,0,STUDY1,ENCODING_LONG,183,327885076.22712404,327885095.818574,327887086.784467,1412.4762374558486,0,327888.5082948115
SC000,0,STUDY1,ENCODING_LONG,184,327891508.44988304,327891537.320502,327893526.283527,1594.9248149991035,0,327895.132245317
SC000,0,STUDY1,ENCODING_LONG,185,327898133.242962,327898176.069804,327900148.972872,1307.1288735372946,0,327901.48319867754
SC000,0,STUDY1,ENCODING_LONG,186,327904483.81308097,327904511.37874603,327906503.693618,1437.6883964869194,0,327907.9490671425
SC000,0,STUDY1,ENCODING_LONG,187,327910954.271434,327910974.09050596,327912962.569063,1195.2661200193688,0,327914.169356626
SC000,0,STUDY1,ENCODING_LONG,188,327917169.86769,327917209.81374,327919181.111105,1664.7185710025951,0,327920.874532311
SC000,0,STUDY1,ENCODING_LONG,189,327923875.196297,327923915.326848,327925886.7331,1444.235266011674,0,327927.359562114
SC000,0,STUDY1,ENCODING_LONG,190,327930360.26027,327930389.68732,327932377.75441104,1460.9379385365173,0,327933.8506252585
SC000,0,STUDY1,ENCODING_LONG,191,327936856.08287203,327936876.078286,327938864.150053,2128.50068701664,0,327941.004578973
SC000,0,STUDY1,ENCODING_LONG,192,327944010.147069,327944031.207913,327946018.822911,1116.5809720405377,0,327947.14778888505
SC000,0,STUDY1,ENCODING_LONG,193,327950148.298864,327950187.753116,327952160.309964,2271.4187655365095,0,327954.45917188155
SC000,0,STUDY1,ENCODING_LONG,194,327957459.651492,327957489.904826,327959482.211739,2608.217087981757,0,327962.09812191396
SC000,0,STUDY1,ENCODING_LONG,195,327965098.275296,327965126.547125,327967114.785622,3087.0707365102135,0,327970.2136178615
SC000,0,STUDY1,ENCODING_LONG,196,327973213.960693,327973243.493983,327975234.883351,934.8098560003564,0,327976.178303839
SC000,0,STUDY1,ENCODING_LONG,197,327979185.42043203,327979205.239133,327981193.39914703,985.007064009551,0,327982.190246197
SC000,0,STUDY1,ENCODING_LONG,198,327985190.341854,327985217.28541,327987205.640572,1942.4586170352995,0,327989.159744027
SC000,0,STUDY1,ENCODING_LONG,199,327992159.860025,327992187.555375,327994177.019957,1351.2563885306008,0,327995.5388117635
SC000,0,STUDY1,ENCODING_LONG,200,327998543.639509,327998563.60873204,328000551.331239,1446.014467976056,0,328002.0096232
SC000,0,STUDY1,ENCODING_LONG,201,328005009.90917,328005037.49211204,328007023.20126003,1547.8145934757777,0,328008.5853067055
SC000,0,STUDY1,ENCODING_LONG,202,328011585.834071,328011616.12914604,328013604.875131,1653.2317769597284,0,328015.269360923
SC000,0,STUDY1,ENCODING_LONG,203,328018273.830756,328018293.499297,328020284.18343604,1228.3345579635352,0,328021.52183385496
SC000,0,STUDY1,ENCODING_LONG,204,328024522.417336,328024550.006615,328026538.064352,1164.0353089896962,0,328027.714041924
SC000,0,STUDY1,ENCODING_LONG,205,328030714.326807,328030743.274876,328032734.023265,2113.2261430029757,0,328034.856501019
SC000,0,STUDY1,ENCODING_LONG,206,328037857.328197,328037899.502496,328039870.686189,982.3076674947515,0,328040.8818101635
SC000,0,STUDY1,ENCODING_LONG,207,328043882.070297,328043922.042242,328045895.99773,1118.8780014635995,0,328047.0409202435
SC000,0,STUDY1,ENCODING_LONG,208,328050045.915253,328050065.395487,328052053.68744403,2699.3252240354195,0,328054.76472071104
SC000,0,STUDY1,ENCODING_LONG,209,328057764.942626,328057799.15237004,328059770.80291104,1097.1343694836833,0,328060.8962867395
SC000,0,STUDY1,ENCODING_LONG,210,328063896.970637,328063936.43609303,328065908.89628,1429.3631440377794,0,328067.36579923704
SC000,0,STUDY1,ENCODING_LONG,211,328070365.946287,328070393.27243096,328072384.515353,1035.9805815387517,0,328073.4292530125
SC000,0,STUDY1,ENCODING_LONG,212,328076433.149741,328076453.10257703,328078441.716876,1798.1251159799285,0,328080.251227693
SC000,0,STUDY1,ENCODING_LONG,213,328083255.829023,328083275.513305,328085266.863702,1527.6248605223373,0,328086.8031381655
SC000,0,STUDY1,ENCODING_LONG,214,328089809.053156,328089830.805848,328091818.310492,1892.4591675167903,0,328093.7232650155
SC000,0,STUDY1,ENCODING_LONG,215,328096723.74049103,328096753.417227,328098742.234852,2045.550478505902,0,328100.7989677055
SC000,0,STUDY2,ENCODING_SHORT,0,328542909.342737,328542967.31423205,328544920.445201,1299.3893414968625,0,328546.2667035735
SC000,0,STUDY2,ENCODING_SHORT,1,328549267.110752,328549296.52204704,328551292.374817,1773.3101199846715,0,328553.069832167
SC000,0,STUDY2,ENCODING_SHORT,2,328556070.122016,328556108.190574,328558079.830903,1369.1581065068021,0,328559.4773486805
SC000,0,STUDY2,ENCODING_SHORT,3,328562477.581523,328562507.52665204,328564541.881217,2526.6079065040685,0,328567.0341345585
SC000,0,STUDY2,ENCODING_SHORT,4,328570034.368098,328570062.080903,328572057.65971905,1756.1107125366107,0,328573.8181916155
SC000,0,STUDY2,ENCODING_SHORT,5,328576818.47510105,328576857.538699,328578832.578182,1602.2780264611356,0,328580.45981672546
SC000,0,STUDY2,ENCODING_SHORT,6,328583464.272461,328583483.772112,328585476.753105,1090.4964225483127,0,328586.57426853455
SC000,0,STUDY2,ENCODING_SHORT,7,328589579.559044,328589599.590728,328591590.38721895,1838.6054339935072,0,328593.438196162
SC000,0,STUDY2,ENCODING_SHORT,8,328596438.490031,328596477.409899,328598454.520125,1239.2589499941096,0,328599.716668849
SC000,0,STUDY2,ENCODING_SHORT,9,328602717.709971,328602753.106006,328604724.457258,1169.2166450084187,0,328605.922322651
SC000,0,STUDY2,ENCODING_SHORT,10,328608927.68241304,328608947.380443,328610943.10604405,1141.6531089926139,0,328612.089033552
SC000,0,STUDY2,ENCODING_SHORT,11,328615089.482856,328615129.17603403,328617105.603132,1404.929665965028,0,328618.5341057
SC000,0,STUDY2,ENCODING_SHORT,12,328621534.574339,328621563.906565,328623555.489286,1131.0478204977699,0,328624.6949543855
SC000,0,STUDY2,ENCODING_SHORT,13,328627695.211263,328627735.036749,328629706.473386,2138.62236100249,0,328631.87365911
SC000,0,STUDY2,ENCODING_SHORT,14,328634874.453463,328634910.63666296,328636892.962094,1984.3440035474487,0,328638.8949806665
SC000,0,STUDY2,ENCODING_SHORT,15,328641895.36707497,328641923.424795,328643913.173188,2851.0846815188415,0,328646.7745094765
SC000,0,STUDY2,ENCODING_SHORT,16,328649775.417593,328649816.941049,328651789.699424,2217.6031709532253,0,328654.03454421996
SC000,0,STUDY2,ENCODING_SHORT,17,328657034.990707,328657062.141519,328659055.067256,1234.6778215141967,0,328660.2968193405
SC000,0,STUDY2,ENCODING_SHORT,18,328663297.156569,328663323.977893,328665313.142502,2596.8488475191407,0,328667.9208267405
SC000,0,STUDY2,ENCODING_SHORT,19,328670925.876707,328670945.246754,328672937.672902,2502.5845664786175,0,328675.44783132046
SC000,0,STUDY2,ENCODING_SHORT,20,328678453.137953,328678473.392306,328680462.35032505,1795.2353404834867,0,328682.2686276465
SC000,0,STUDY2,ENCODING_SHORT,21,328685269.020226,328685300.21249104,328687288.443451,2530.9686699765734,0,328689.831181161
SC000,0,STUDY2,ENCODING_SHORT,22,328692831.951052,328692873.256043,328694850.94971097,1865.6321414746344,0,328696.7388881845
SC000,0,STUDY2,ENCODING_SHORT,23,328699743.161785,328699762.883596,328701754.178432,1828.2185174757615,0,328703.5911021135
SC000,0,STUDY2,ENCODING_SHORT,24,328706596.734208,328706616.014871,328708605.228628,2249.8809820390306,0,328710.865895853
SC000,0,STUDY2,ENCODING_SHORT,25,328713866.445909,328713908.288151,328715881.38697904,2097.426025487948,0,328718.0057141765
SC000,0,STUDY2,ENCODING_SHORT,26,328721006.032476,328721033.113339,328723021.173872,1948.8332155160606,0,328724.9819465545
SC000,0,STUDY2,ENCODING_SHORT,27,328727983.131644,328728026.318309,328730003.06777596,2014.0764890238643,0,328732.04039479804
SC000,0,STUDY2,ENCODING_SHORT,28,328735040.926955,328735071.25144804,328737059.912668,1272.2965924767777,0,328738.3435480405
SC000,0,STUDY2,ENCODING_SHORT,29,328741344.25133,328741384.626339,328743358.115595,1248.294286953751,0,328744.63292062597
SC000,0,STUDY2,ENCODING_SHORT,30,328747633.569792,328747673.264135,328749644.55887,1745.6284769577906,0,328751.418892612
SC000,0,STUDY2,ENCODING_SHORT,31,328754425.024025,328754446.893221,328756435.387685,1910.7322584604844,0,328758.35762547946
SC000,0,STUDY2,ENCODING_SHORT,32,328761357.920383,328761388.945929,328763376.70807,1319.9656819924712,0,328764.708911611
SC000,0,STUDY2,ENCODING_SHORT,33,328767709.340165,328767737.98713404,328769726.149061,2330.534328939393,0,328772.06852146296
SC000,0,STUDY2,ENCODING_SHORT,34,328775073.746198,328775093.58633405,328777089.789958,1855.6543284794316,0,328778.9492406625
SC000,0,STUDY2,ENCODING_SHORT,35,328781949.71107596,328781991.04665,328783965.20466995,1526.0960145387799,0,328785.5171426645
SC000,0,STUDY2,ENCODING_SHORT,36,328788517.445033,328788546.384466,328790535.229515,2035.8270140131935,0,328792.58221148
SC000,0,STUDY2,ENCODING_SHORT,37,328795582.851647,328795612.350531,328797607.256873,1453.0459850211628,0,328799.065396516
SC000,0,STUDY2,ENCODING_SHORT,38,328802065.572312,328802105.724688,328804079.693691,2130.400587513577,0,328806.2361252755
SC000,0,STUDY2,ENCODING_SHORT,39,328809242.2449,328809263.01448905,328811251.359639,2884.26028896356,0,328814.147274778
SC000,0,STUDY2,ENCODING_SHORT,40,328817151.828888,328817171.53428304,328819161.206679,2297.5610699504614,0,328821.469095353
SC000,0,STUDY2,ENCODING_SHORT,41,328824469.71815205,328824509.00912404,328826492.003543,1440.2433289797045,0,328827.949252453
SC000,0,STUDY2,ENCODING_SHORT,42,328830955.151617,328830974.606192,328832964.68203,1160.446228517685,0,328834.1350524205
SC000,0,STUDY2,ENCODING_SHORT,43,328837141.010588,328837160.577291,328839159.04844,2093.9761534682475,0,328841.25455344445
SC000,0,STUDY2,ENCODING_SHORT,44,328844255.227883,328844294.77416897,328846267.446543,1581.3553584739566,0,328847.87612952746
SC000,0,STUDY2,ENCODING_SHORT,45,328850876.864595,328850915.812585,328852892.371446,1340.6442645355128,0,328854.2564568495
SC000,0,STUDY2,ENCODING_SHORT,46,328857257.11218697,328857297.014867,328859268.470866,1601.384314475581,0,328860.8983991815
SC000,0,STUDY2,ENCODING_SHORT,47,328863903.142328,328863922.789398,328865915.74515504,1372.8673395235091,0,328867.2956567375
SC000,0,STUDY2,ENCODING_SHORT,48,328870296.432055,328870337.849095,328872309.090133,1306.3701370265335,0,328873.644219232
SC000,0,STUDY2,ENCODING_SHORT,49,328876644.434656,328876679.295154,328878651.951545,1308.15044749761,0,328879.9874456015
SC000,0,STUDY2,ENCODING_SHORT,50,328882987.690977,328883016.79347396,328885010.936749,1309.9022155511193,0,328886.3266956895
SC000,0,STUDY2,ENCODING_SHORT,51,328889327.161891,328889357.942487,328891346.31242996,1203.9483115077019,0,328892.5618907985
SC000,0,STUDY2,ENCODING_SHORT,52,328895562.241189,328895591.571451,328897574.466528,1507.2042105020955,0,328899.0987756615
SC000,0,STUDY2,ENCODING_SHORT,53,328902099.368303,328902127.859328,328904111.070005,1306.4038149896078,0,328905.434263143
SC000,0,STUDY2,ENCODING_SHORT,54,328908434.431848,328908474.158404,328910445.54512,1773.2801375095733,0,328912.2474385415
SC000,0,STUDY2,ENCODING_SHORT,55,328915247.913875,328915275.039497,328917273.66078204,1712.3953054542653,0,328918.98743480246
SC000,0,STUDY2,ENCODING_SHORT,56,328921992.046318,328922011.67249095,328923999.41099304,1575.6803760305047,0,328925.587352867
SC000,0,STUDY2,ENCODING_SHORT,57,328928593.32096,328928613.489598,328930603.96743,2269.3870330112986,0,328932.882876631
SC000,0,STUDY2,ENCODING_SHORT,58,328935883.09314495,328935922.605929,328937894.097812,2281.3543524825945,0,328940.2039602815
SC000,0,STUDY2,ENCODING_SHORT,59,328943204.942498,328943247.082932,328945218.354073,1597.8668725001626,0,328946.8449498045
SC000,0,STUDY2,ENCODING_SHORT,60,328949845.46111697,328949886.85756797,328951863.27515405,1815.4971419717185,0,328953.70235470997
SC000,0,STUDY2,ENCODING_SHORT,61,328956702.748378,328956742.62450504,328958707.018785,1874.9120794818737,0,328960.6175365845
SC000,0,STUDY2,ENCODING_SHORT,62,328963617.860124,328963657.346177,328965632.366632,1197.7099775685929,0,328966.85505615454
SC000,0,STUDY2,ENCODING_SHORT,63,328969861.102765,328969881.42823,328971869.209571,1184.5550124999136,0,328973.0659832425
SC000,0,STUDY2,ENCODING_SHORT,64,328976066.400314,328976106.313026,328978083.062117,1671.6526949894615,0,328979.777965721
SC000,0,STUDY2,ENCODING_SHORT,65,328982778.466684,328982819.13714,328984790.878914,1456.7185000050813,0,328986.27585564
SC000,0,STUDY2,ENCODING_SHORT,66,328989282.05734104,328989302.06543,328991291.470073,1556.9763090461493,0,328992.859041739
SC000,0,STUDY2,ENCODING_SHORT,67,328995859.35675704,328995886.187131,328997874.359756,1550.4118500393815,0,328999.43659898103
SC000,0,STUDY2,ENCODING_SHORT,68,329002441.706984,329002463.48426604,329004451.953748,1384.2878355062567,0,329005.8477721015
SC000,0,STUDY2,ENCODING_SHORT,69,329008848.407583,329008887.032009,329010858.310281,2551.9248669734225,0,329013.438956876
SC000,0,STUDY2,ENCODING_SHORT,70,329016439.61427903,329016468.795366,329018462.64727,1139.4762995187193,0,329019.6082716655
SC000,0,STUDY2,ENCODING_SHORT,71,329022615.264654,329022635.56411403,329024626.883891,1149.1203340119682,0,329025.78468444804
SC000,0,STUDY2,ENCODING_SHORT,72,329028785.312641,329028823.560828,329030799.35155404,1903.9223149884492,0,329032.727483143
SC000,0,STUDY2,ENCODING_SHORT,73,329035732.23569304,329035751.66577995,329037739.82699305,1462.5474550412036,0,329039.214213235
SC000,0,STUDY2,ENCODING_SHORT,74,329042214.815745,329042245.622635,329044234.92872804,1614.6369959460571,0,329045.86025963095
SC000,0,STUDY2,ENCODING_SHORT,75,329048860.75841004,329048904.81389403,329050876.388873,1037.5536804785952,0,329051.9423675745
SC000,0,STUDY2,ENCODING_SHORT,76,329054942.85688996,329054972.723038,329056969.13467705,1756.2476675375365,0,329058.72897070553
SC000,0,STUDY2,ENCODING_SHORT,77,329061729.420214,329061767.376429,329063741.95318,1626.4503240236081,0,329065.393826753
SC000,0,STUDY2,ENCODING_SHORT,78,329068394.267098,329068423.036422,329070400.107436,1465.9455630462617,0,329071.88898198504
SC000,0,STUDY2,ENCODING_SHORT,79,329074889.162838,329074917.517812,329076910.803534,1421.6029130038805,0,329078.339120725
SC000,0,STUDY2,ENCODING_SHORT,80,329081339.433438,329081382.465762,329083355.03334695,1432.9750134493224,0,329084.8154407755
SC000,0,STUDY2,ENCODING_SHORT,81,329087816.079889,329087855.49733996,329089841.470611,1280.1546344999224,0,329091.1356519745
SC000,0,STUDY2,ENCODING_SHORT,82,329094135.87787604,329094173.444304,329096147.24277097,2080.8558180578984,0,329098.25430012203
SC000,0,STUDY2,ENCODING_SHORT,83,329101254.771856,329101284.635401,329103278.799269,1376.3481079949997,0,329104.660983509
SC000,0,STUDY2,ENCODING_SHORT,84,329107661.18792397,329107693.456652,329109682.020152,1432.1381725021638,0,329111.1255948245
SC000,0,STUDY2,ENCODING_SHORT,85,329114126.17351097,329114167.426924,329116138.68925804,1443.4023459907621,0,329117.61082927
SC000,0,STUDY2,ENCODING_SHORT,86,329120611.204168,329120638.211303,329122626.523295,2049.2402784875594,0,329124.68745158147
SC000,0,STUDY2,ENCODING_SHORT,87,329127691.85357,329127713.786301,329129707.785322,1936.0378664568998,0,329131.6498241675
SC000,0,STUDY2,ENCODING_SHORT,88,329134650.088874,329134688.655949,329136664.239189,1209.1171324718744,0,329137.8977730815
SC000,0,STUDY2,ENCODING_SHORT,89,329140898.363735,329140926.262981,329142914.17412597,1992.8233979735523,0,329144.919086379
SC000,0,STUDY2,ENCODING_SHORT,90,329147919.72898597,329147960.77308196,329149937.971516,1849.64349452639,0,329151.8104165765
SC000,0,STUDY2,ENCODING_SHORT,91,329154810.66051203,329154837.93998605,329156826.776517,1136.8605180177838,0,329157.97480050405
SC000,0,STUDY2,ENCODING_SHORT,92,329160975.389056,329161016.71711797,329162987.675843,2313.8357320567593,0,329165.33055285004
SC000,0,STUDY2,ENCODING_SHORT,93,329168331.17289495,329168369.697935,329170341.322137,1120.4229004797526,0,329171.4901208355
SC000,0,STUDY2,ENCODING_SHORT,94,329174490.899212,329174523.749049,329176498.05390495,1388.614380499348,0,329177.9123634295
SC000,0,STUDY2,ENCODING_SHORT,95,329180916.889777,329180936.712451,329182925.003811,1545.1992670423351,0,329184.48191171803
SC000,0,STUDY2,ENCODING_SHORT,96,329187482.042747,329187508.939629,329189502.209791,1370.7573845167644,0,329190.87969701353
SC000,0,STUDY2,ENCODING_SHORT,97,329193885.289205,329193904.921775,329195897.41871303,2044.994134514127,0,329197.9499159095
SC000,0,STUDY2,ENCODING_SHORT,98,329200950.13992304,329200979.36781603,329202967.27407503,2264.8318000137806,0,329205.244199616
SC000,0,STUDY2,ENCODING_SHORT,99,329208249.958658,329208269.65422004,329210262.932196,1316.1823164555244,0,329211.5858365365
SC000,0,STUDY2,ENCODING_SHORT,100,329214586.342879,329214618.38435704,329216608.054073,1599.626384966541,0,329218.218010742
SC000,0,STUDY2,ENCODING_SHORT,101,329221218.198025,329221258.666471,329223235.578211,1517.5045779906213,0,329224.776171049
SC000,0,STUDY2,ENCODING_SHORT,102,329227776.584509,329227803.83157,329229795.408857,1568.588137452025,0,329231.3724197075
SC000,0,STUDY2,ENCODING_SHORT,103,329234372.866759,329234401.429254,329236394.639436,2199.504368531052,0,329238.6009336225
SC000,0,STUDY2,ENCODING_SHORT,104,329241601.08935905,329241628.215663,329243616.48174,1631.1100434977561,0,329245.2593257065
SC000,0,STUDY2,ENCODING_SHORT,105,329248259.80286103,329248297.40444905,329250270.492096,1532.4932744842954,0,329251.8298977235
SC000,0,STUDY2,ENCODING_SHORT,106,329254835.662468,329254855.201509,329256851.094833,2023.6628085258417,0,329258.87886431755
SC000,0,STUDY2,ENCODING_SHORT,107,329261883.81094605,329261903.28491896,329263892.311108,1362.8058499889448,0,329265.266090769
SC000,0,STUDY2,ENCODING_SHORT,108,329268273.362373,329268293.435212,329270281.17947,1896.551935991738,0,329272.189987148
SC000,0,STUDY2,ENCODING_SHORT,109,329275190.407999,329275218.763946,329277206.893271,1361.725696013309,0,329278.580489642
SC000,0,STUDY2,ENCODING_SHORT,110,329281585.401293,329281605.316574,329283595.117553,1711.7957755108364,0,329285.3171123495
SC000,0,STUDY2,ENCODING_SHORT,111,329288317.52467704,329288351.244703,329290322.865082,2329.2440384975635,0,329292.6804887415
SC000,0,STUDY2,ENCODING_SHORT,112,329295680.593085,329295710.458897,329297704.40460396,1752.4775805068202,0,329299.4629364775
SC000,0,STUDY2,ENCODING_SHORT,113,329302467.879579,329302489.73970497,329304480.759131,1052.7447069762275,0,329305.54248441197
SC000,0,STUDY2,ENCODING_SHORT,114,329308543.016071,329308582.724683,329310558.466406,1249.3769235443324,0,329311.83210160653
SC000,0,STUDY2,ENCODING_SHORT,115,329314832.385575,329314871.693474,329316845.299261,1496.4169039740227,0,329318.368110378
SC000,0,STUDY2,ENCODING_SHORT,116,329321368.50188,329321396.993666,329323384.984031,1076.7124234698713,0,329324.4737060895
SC000,0,STUDY2,ENCODING_SHORT,117,329327478.905546,329327498.53961796,329329489.028328,2525.9242040337995,0,329332.024463822
SC000,0,STUDY2,ENCODING_SHORT,118,329335024.566936,329335052.113299,329337045.837114,1321.2302854517475,0,329338.3733435845
SC000,0,STUDY2,ENCODING_SHORT,119,329341373.605958,329341414.85063803,329343386.538458,1301.062935963273,0,329344.715913574
SC000,0,STUDY2,ENCODING_SHORT,120,329347722.639471,329347742.429847,329349736.27222496,1829.1464045178145,0,329351.57157625153
SC000,0,STUDY2,ENCODING_SHORT,121,329354571.92101204,329354601.74487,329356595.550717,1485.8780629583634,0,329358.087622933
SC000,0,STUDY2,ENCODING_SHORT,122,329361094.23525006,329361114.300925,329363103.30572003,1798.1268094736151,0,329364.91242773447
SC000,0,STUDY2,ENCODING_SHORT,123,329367916.67092496,329367935.992909,329369949.82324195,1888.5971480049193,0,329371.824590057
SC000,0,STUDY2,ENCODING_SHORT,124,329374829.477298,329374849.21563596,329376840.500824,1417.6787320175208,0,329378.266894368
SC000,0,STUDY2,ENCODING_SHORT,125,329381267.43817204,329381308.156494,329383279.92670804,1435.6233340222389,0,329384.743779828
SC000,0,STUDY2,ENCODING_SHORT,126,329387749.10361195,329387768.778056,329389762.195216,1271.7937809647992,0,329391.040571837
SC000,0,STUDY2,ENCODING_SHORT,127,329394046.89818704,329394067.077904,329396055.405562,1141.3527245167643,0,329397.2084306285
SC000,0,STUDY2,ENCODING_SHORT,128,329400208.79845697,329400235.845281,329402227.717703,2136.9124205084518,0,329404.3727577015
SC000,0,STUDY2,ENCODING_SHORT,129,329407373.23483205,329407413.05676997,329409384.538514,1607.1560570271686,0,329411.020212827
SC000,0,STUDY2,ENCODING_SHORT,130,329414020.412908,329414051.955147,329416027.462964,1493.96837601671,0,329417.545923523
SC000,0,STUDY2,ENCODING_SHORT,131,329420552.058146,329420573.64579,329422567.801543,1504.8323080409318,0,329424.07847809803
SC000,0,STUDY2,ENCODING_SHORT,132,329427078.67467505,329427115.5603,329429089.934605,2070.6013554590754,0,329431.18616165547
SC000,0,STUDY2,ENCODING_SHORT,133,329434186.56393504,329434223.82692605,329436195.218331,2891.4368084515445,0,329439.1152637345
SC000,0,STUDY2,ENCODING_SHORT,134,329442120.88575804,329442140.48209196,329444128.656712,2921.1907560238615,0,329447.061672848
SC000,0,STUDY2,ENCODING_SHORT,135,329450061.965746,329450090.071563,329452078.83229,1260.810516483616,0,329453.3508820795
SC000,0,STUDY2,ENCODING_SHORT,136,329456351.184453,329456380.881001,329458369.614325,2155.651564942673,0,329460.53653256595
SC000,0,STUDY2,ENCODING_SHORT,137,329463537.078329,329463567.075267,329465555.385354,1594.4184134714305,0,329467.1614936805
SC000,0,STUDY2,ENCODING_SHORT,138,329470166.348295,329470186.11868304,329472175.405133,2003.5347020020708,0,329474.189653385
SC000,0,STUDY2,ENCODING_SHORT,139,329477190.274889,329477228.911583,329479206.143035,1669.9994254740886,0,329480.8989110085
SC000,0,STUDY2,ENCODING_SHORT,140,329483899.219234,329483938.81868196,329485913.592551,1051.2032570550218,0,329486.99002193904
SC000,0,STUDY2,ENCODING_SHORT,141,329489990.53972,329490028.939176,329492000.44804996,1346.7296260059811,0,329493.375668802
SC000,0,STUDY2,ENCODING_SHORT,142,329496381.575099,329496403.767895,329498391.878788,1233.9096670038998,0,329499.637677562
SC000,0,STUDY2,ENCODING_SHORT,143,329502638.530779,329502680.286147,329504652.226175,1727.0219050114974,0,329506.407308052
SC000,0,STUDY2,ENCODING_SHORT,144,329509407.530806,329509434.456595,329511430.616444,1337.2048115124926,0,329512.7716614065
SC000,0,STUDY2,ENCODING_SHORT,145,329515771.92575,329515799.25492597,329517787.528518,1895.3669685288332,0,329519.6946218945
SC000,0,STUDY2,ENCODING_SHORT,146,329522694.911351,329522724.11432,329524717.776167,1473.8781090127304,0,329526.197992429
SC000,0,STUDY2,ENCODING_SHORT,147,329529202.431602,329529223.79119,329531211.157826,1094.7786720353179,0,329532.31856986205
SC000,0,STUDY2,ENCODING_SHORT,148,329535318.812993,329535345.99097604,329537334.57050896,1169.8773119715042,0,329538.515868288
SC000,0,STUDY2,ENCODING_SHORT,149,329541516.750294,329541554.91198,329543526.74712604,1181.446301518008,0,329544.7363582815
SC000,0,STUDY2,ENCODING_SHORT,150,329547741.806697,329547761.49879503,329549756.019672,1521.0739419562742,0,329551.28257273696
SC000,0,STUDY2,ENCODING_SHORT,151,329554282.770394,329554323.643803,329556295.31832695,1682.175786991138,0,329558.00581959
SC000,0,STUDY2,ENCODING_SHORT,152,329561012.637617,329561032.69268996,329563029.82359004,1225.612775539048,0,329564.2583054655
SC000,0,STUDY2,ENCODING_SHORT,153,329567264.08145905,329567283.936485,329569275.39640003,922.5645219557919,0,329570.20650100696
SC000,0,STUDY2,ENCODING_SHORT,154,329573212.221929,329573232.035146,329575225.75997,1850.3535960335284,0,329577.082388742
SC000,0,STUDY2,ENCODING_SHORT,155,329580082.78302205,329580113.12604004,329582100.749217,1401.749807933811,0,329583.51487584796
SC000,0,STUDY2,ENCODING_SHORT,156,329586520.166745,329586539.112987,329588533.571705,1255.3274185047485,0,329589.7944404055
SC000,0,STUDY2,ENCODING_SHORT,157,329592795.165676,329592834.434228,329594807.181848,1551.8944294890389,0,329596.3863286575
SC000,0,STUDY2,ENCODING_SHORT,158,329599386.83256,329599427.253526,329601398.539696,1127.0603809971362,0,329602.554313907
SC000,0,STUDY2,ENCODING_SHORT,159,329605560.069715,329605579.574972,329607571.811427,1172.998339519836,0,329608.7525733115
SC000,0,STUDY2,ENCODING_SHORT,160,329611757.936177,329611777.441345,329613771.369202,2439.6480615250766,0,329616.2170894065
SC000,0,STUDY2,ENCODING_SHORT,161,329619223.853276,329619244.12154,329621235.195282,1152.1879165084101,0,329622.3963094565
SC000,0,STUDY2,ENCODING_SHORT,162,329625397.114944,329625437.277503,329627408.49370396,1324.9504794948734,0,329628.7622279825
SC000,0,STUDY2,ENCODING_SHORT,163,329631762.35657203,329631794.810573,329633782.94593,1421.961494954303,0,329635.21677206794
SC000,0,STUDY2,ENCODING_SHORT,164,329638216.983667,329638244.89183503,329640235.285449,1342.8221114445478,0,329641.5877139465
SC000,0,STUDY2,ENCODING_SHORT,165,329644588.143906,329644615.640733,329646606.52807796,431.9813000620343,0,329647.04762203305
SC000,0,STUDY2,ENCODING_SHORT,166,329650047.940624,329650076.70761096,329652070.35432,1395.5773354973644,0,329653.4722849465
SC000,0,STUDY2,ENCODING_SHORT,167,329656472.927558,329656501.30215997,329658489.775258,1406.4523124834523,0,329659.90775447246
SC000,0,STUDY2,ENCODING_SHORT,168,329662908.070096,329662938.015829,329664926.33095,1044.7740274830721,0,329665.9827898565
SC000,0,STUDY2,ENCODING_SHORT,169,329668991.91208,329669013.425913,329671006.919768,1306.1203880351968,0,329672.31954630103
SC000,0,STUDY2,ENCODING_SHORT,170,329675326.053303,329675345.766311,329677337.49579704,1318.6801125411876,0,329678.6644464235
SC000,0,STUDY2,ENCODING_SHORT,171,329681664.72210395,329681744.949773,329683683.232759,2049.0147480159067,0,329685.793964521
SC000,0,STUDY2,ENCODING_SHORT,172,329688799.03561205,329688818.931333,329690808.48017704,1493.883102433756,0,329692.31281443546
SC000,0,STUDY2,ENCODING_SHORT,173,329695313.085961,329695343.808432,329697332.021572,1132.696237997152,0,329698.47650467
SC000,0,STUDY2,ENCODING_SHORT,174,329701481.268528,329701500.527655,329703488.959345,1546.8279169872403,0,329705.047355572
SC000,0,STUDY2,ENCODING_SHORT,175,329708047.758832,329708074.82471603,329710068.275032,1104.1183294728398,0,329711.1789430455
SC000,0,STUDY2,ENCODING_SHORT,176,329714179.535996,329714220.85792696,329716195.87456304,1221.4731285348535,0,329717.4423310555
SC000,0,STUDY2,ENCODING_SHORT,177,329720442.611481,329720483.564934,329722456.63393104,1077.4133724626154,0,329723.56097830646
SC000,0,STUDY2,ENCODING_SHORT,178,329726561.34919,329726592.388714,329728585.60096896,1050.3243135171942,0,329729.64271302754
SC000,0,STUDY2,ENCODING_SHORT,179,329732647.933866,329732667.76622,329734656.02688104,1227.0247870474122,0,329735.89479100704
SC000,0,STUDY2,ENCODING_SHORT,180,329738895.48222804,329738937.959785,329740909.47031003,1161.5569940186106,0,329742.099516779
SC000,0,STUDY2,ENCODING_SHORT,181,329745105.83622605,329745127.467602,329747116.87728304,1480.9393070172518,0,329748.60840690904
SC000,0,STUDY2,ENCODING_SHORT,182,329751613.371725,329751632.676637,329753625.509096,1399.6018635225482,0,329755.0322785005
SC000,0,STUDY2,ENCODING_SHORT,183,329758039.17351997,329758060.517378,329760048.553787,1190.714595548343,0,329761.2512319735
SC000,0,STUDY2,ENCODING_SHORT,184,329764251.517793,329764278.696159,329766267.112506,1248.370339977555,0,329767.527066499
SC000,0,STUDY2,ENCODING_SHORT,185,329770527.752994,329770567.315152,329772538.35352105,1825.536649033893,0,329774.392851801
SC000,0,STUDY2,ENCODING_SHORT,186,329777400.239477,329777420.108045,329779409.419282,1483.4580274764448,0,329780.90356607246
SC000,0,STUDY2,ENCODING_SHORT,187,329783908.94576204,329783928.52479595,329785916.962027,1463.7999615515582,0,329787.39232475753
SC000,0,STUDY2,ENCODING_SHORT,188,329790392.974653,329790431.558493,329792405.58407396,1124.8595240176655,0,329793.556418017
SC000,0,STUDY2,ENCODING_SHORT,189,329796557.03385794,329796587.31625605,329798576.849117,1847.7631119894795,0,329800.435079368
SC000,0,STUDY2,ENCODING_SHORT,190,329803440.39642197,329803459.825633,329805509.00734097,1325.9696225286461,0,329806.7857952555
SC000,0,STUDY2,ENCODING_SHORT,191,329809792.13493997,329809812.005279,329811800.792782,1386.5421505179256,0,329813.1985474295
SC000,0,STUDY2,ENCODING_SHORT,192,329816198.96316695,329816228.880669,329818206.332552,1115.3213990619406,0,329819.34420206805
SC000,0,STUDY2,ENCODING_SHORT,193,329822344.842942,329822374.423882,329824362.727937,987.0654324768111,0,329825.36148931447
SC000,0,STUDY2,ENCODING_SHORT,194,329828362.138461,329828403.674991,329830374.88765997,1073.09477601666,0,329831.476769767
SC000,0,STUDY2,ENCODING_SHORT,195,329834477.174039,329834506.909581,329836495.155597,1296.5305905090645,0,329837.8034401715
SC000,0,STUDY2,ENCODING_SHORT,196,329840808.739776,329840829.625029,329842827.410899,2088.791656482499,0,329844.9184166855
SC000,0,STUDY2,ENCODING_SHORT,197,329847922.943775,329847942.83290595,329849934.51303697,799.7686995076947,0,329850.7426016055
SC000,0,STUDY2,ENCODING_SHORT,198,329853749.221707,329853769.303239,329855760.76494503,1148.786919482518,0,329856.9180901585
SC000,0,STUDY2,ENCODING_SHORT,199,329859924.07941103,329859943.47694397,329861931.885419,1723.741217982024,0,329863.667218162
SC000,0,STUDY2,ENCODING_SHORT,200,329866667.733294,329866695.280631,329868686.618702,1044.9686899664812,0,329869.740249321
SC000,0,STUDY2,ENCODING_SHORT,201,329872747.568913,329872768.36453795,329874756.222188,1498.8927035592496,0,329876.26725724153
SC000,0,STUDY2,ENCODING_SHORT,202,329879272.912724,329879292.769606,329881287.507487,1983.963972539641,0,329883.27673357853
SC000,0,STUDY2,ENCODING_SHORT,203,329886277.00436497,329886309.93956697,329888298.461985,1320.8073584828526,0,329889.6307469255
SC000,0,STUDY2,ENCODING_SHORT,204,329892631.140901,329892660.914441,329894648.88064,1450.4301765118726,0,329896.1113446175
SC000,0,STUDY2,ENCODING_SHORT,205,329899111.836867,329899139.20288604,329901134.17420405,2155.5284130154178,0,329903.29473129904
SC000,0,STUDY2,ENCODING_SHORT,206,329906295.085179,329906322.904742,329908314.44642,1546.8031690688804,0,329909.86970791104
SC000,0,STUDY2,ENCODING_SHORT,207,329912875.58633703,329912895.08995295,329914889.604323,1305.964853032492,0,329916.201054806
SC000,0,STUDY2,ENCODING_SHORT,208,329919201.578388,329919233.54924,329921221.92573696,2016.1357705364935,0,329923.2496850105
SC000,0,STUDY2,ENCODING_SHORT,209,329926255.8473,329926275.314953,329928264.96042,2573.877143964637,0,329930.84919209697
SC000,0,STUDY2,ENCODING_SHORT,210,329933849.87261003,329933877.69939697,329935858.725428,2139.7230445290916,0,329938.0174224415
SC000,0,STUDY2,ENCODING_SHORT,211,329941022.619745,329941042.22574496,329943032.07691604,951.2487435131334,0,329943.9934744885
SC000,0,STUDY2,ENCODING_SHORT,212,329946994.065206,329947033.961542,329949005.383068,899.3017305037938,0,329949.9332632725
SC000,0,STUDY2,ENCODING_SHORT,213,329952938.84946203,329952958.05344105,329954953.587989,1368.6236729845405,0,329956.326677114
SC000,0,STUDY2,ENCODING_SHORT,214,329959331.207723,329959350.550654,329961342.39342904,1966.3952180417255,0,329963.31694587204
SC000,0,STUDY2,ENCODING_SHORT,215,329966321.917822,329966341.365824,329968332.270028,1532.6922310050577,0,329969.874058055
SC000,0,TEST,RETRIEVAL_SHORT,0,330367126.180074,330367168.223712,330369135.003388,2527.9527669772506,0,330371.696176479
SC000,0,TEST,RETRIEVAL_LONG,1,330374696.417616,330374734.847069,330376716.776099,2672.2651534946635,0,330379.4071122225
SC000,0,TEST,RETRIEVAL_SHORT,2,330382414.761096,330382434.87738496,330384424.458705,1876.1743024806492,0,330386.31105168746
SC000,0,TEST,RETRIEVAL_LONG,3,330389311.202807,330389341.361803,330391329.771089,1526.2443809770048,0,330392.867606184
SC000,0,TEST,RETRIEVAL_SHORT,4,330395872.361076,330395891.70821196,330397880.999017,2168.2960169855505,0,330400.06000422896
SC000,0,TEST,NEW_NOUN,5,330403060.608494,330403100.16093504,330405076.14363104,2078.340545471292,0,330407.1785014805
SC000,0,TEST,RETRIEVAL_LONG,6,330410178.606162,330410209.17866904,330412198.834842,1953.7331844912842,0,330414.1629118535
SC000,0,TEST,RETRIEVAL_LONG,7,330417163.403522,330417200.208051,330419171.72171897,1763.4571454836987,0,330420.9636651965
SC000,0,TEST,RETRIEVAL_SHORT,8,330423963.80523205,330424003.665291,330425976.802135,3530.979656963609,0,330429.53464494797
SC000,0,TEST,RETRIEVAL_LONG,9,330432541.57197106,330432561.760628,330434550.04651296,1698.1266004731879,0,330436.2598872285
SC000,0,TEST,NEW_NOUN,10,330439265.947017,330439285.386105,330441269.055855,1522.7969145053066,0,330442.8081830195
SC000,0,TEST,RETRIEVAL_LONG,11,330445808.716514,330445837.62873304,330447817.167091,1282.0398419862613,0,330449.119668575
SC000,0,TEST,RETRIEVAL_SHORT,12,330452119.938973,330452149.932941,330454139.91043097,1430.0985434674658,0,330455.5800314845
SC000,0,TEST,RETRIEVAL_LONG,13,330458584.31798595,330458603.59113795,330460593.234896,1770.521799044218,0,330462.374112937
SC000,0,TEST,RETRIEVAL_SHORT,14,330465374.61346,330465416.236139,330467387.634486,1610.6201689690351,0,330469.026856308
SC000,0,TEST,RETRIEVAL_SHORT,15,330472027.05601203,330472095.155994,330474033.390923,1247.8760635131039,0,330475.3430320575
SC000,0,TEST,RETRIEVAL_LONG,16,330478343.559038,330478384.116635,330480357.55432004,1410.349601006601,0,330481.794466236
SC000,0,TEST,RETRIEVAL_SHORT,17,330484794.63484,330484821.532163,330486812.064023,2952.1522714640014,0,330489.7736844345
SC000,0,TEST,RETRIEVAL_LONG,18,330492774.210507,330492797.040346,330494786.266973,2627.664238505531,0,330497.4247045845
SC000,0,TEST,NEW_NOUN,19,330500425.132115,330500453.193678,330502441.419809,1553.8326149689965,0,330504.00702629297
SC000,0,TEST,RETRIEVAL_LONG,20,330507007.622327,330507037.95195997,330509027.882014,1062.233077478595,0,330510.1001850375
SC000,0,TEST,NEW_NOUN,21,330513100.416573,330513141.112746,330515174.828905,1369.811873533763,0,330516.5109246195
SC000,0,TEST,RETRIEVAL_LONG,22,330519511.35114497,330519543.844351,330521532.046079,2732.9734814702533,0,330524.2768178325
SC000,0,TEST,NEW_NOUN,23,330527281.849076,330527301.153878,330529289.474119,2198.052609572187,0,330531.49920648756
SC000,0,TEST,NEW_NOUN,24,330534499.356877,330534538.018889,330536511.232538,2544.061098480597,0,330539.0820799875
SC000,0,TEST,RETRIEVAL_SHORT,25,330542082.177006,330542109.283571,330544097.651657,2489.4511654856615,0,330546.5987347365
SC000,0,TEST,RETRIEVAL_LONG,26,330549599.145763,330549631.225998,330551619.315934,1601.7092385445721,0,330553.23293523653
SC000,0,TEST,RETRIEVAL_LONG,27,330556233.07728,330556271.492523,330558244.292956,1412.8836004529148,0,330559.6843761235
SC000,0,TEST,NEW_NOUN,28,330562691.515247,330562711.122773,330564705.353434,2905.254396959208,0,330567.61637716996
SC000,0,TEST,RETRIEVAL_SHORT,29,330570621.645071,330570641.463104,330572632.950449,1367.2920595272444,0,330574.0087551635
SC000,0,TEST,RETRIEVAL_LONG,30,330577013.129236,330577032.864903,330579016.692311,1045.177626016084,0,330580.078042529
SC000,0,TEST,NEW_NOUN,31,330583082.872855,330583102.475025,330585095.57444,1355.8698249980807,0,330586.45834485
SC000,0,TEST,RETRIEVAL_SHORT,32,330589458.688631,330589498.320422,330591473.733365,1360.7108959695324,0,330592.859031318
SC000,0,TEST,NEW_NOUN,33,330595859.550414,330595888.11451095,330597878.259735,1313.3522529969923,0,330599.201466764
SC000,0,TEST,RETRIEVAL_SHORT,34,330602201.783703,330602241.371036,330604220.507026,1806.669364508707,0,330606.0480404005
SC000,0,TEST,RETRIEVAL_SHORT,35,330609048.432706,330609085.837507,330611059.943926,2047.2417534911074,0,330613.1330792605
SC000,0,TEST,NEW_NOUN,36,330616140.04162,330616159.71499,330618149.85500896,1130.200651998166,0,330619.289915642
SC000,0,TEST,NEW_NOUN,37,330622290.09081596,330622319.067837,330624312.206953,2506.653542513959,0,330626.8257213795
SC000,0,TEST,RETRIEVAL_LONG,38,330629826.250194,330629854.69667494,330631843.413852,3227.490338496864,0,330635.08218701347
SC000,0,TEST,RETRIEVAL_LONG,39,330638083.49305797,330638124.557711,330640097.157482,1998.5805670148693,0,330642.123138278
SC000,0,TEST,NEW_NOUN,40,330645123.53789103,330645150.88900304,330647138.907711,2262.67884549452,0,330649.4135678485
SC000,0,TEST,RETRIEVAL_SHORT,41,330652418.761278,330652439.756053,330654430.081246,2413.3041219902225,0,330656.85306017497
SC000,0,TEST,RETRIEVAL_SHORT,42,330659860.292418,330659880.16882104,330661874.52997303,1208.3103664335795,0,330663.08847918746
SC000,0,TEST,RETRIEVAL_LONG,43,330666088.799402,330666132.521602,330668104.740116,2146.975840034429,0,330670.279497442
SC000,0,TEST,RETRIEVAL_SHORT,44,330673284.451238,330673304.14931697,330675301.610275,2223.821076506283,0,330677.5279703935
SC000,0,TEST,RETRIEVAL_LONG,45,330680528.25387496,330680555.603986,330682544.8283,1682.3250619927421,0,330684.237929048
SC000,0,TEST,RETRIEVAL_SHORT,46,330687242.692469,330687262.01444703,330689250.48975,1275.0175944529474,0,330690.53703204147
SC000,0,TEST,RETRIEVAL_SHORT,47,330693537.38477,330693566.205916,330695554.299019,2617.4210010212846,0,330698.183626917
SC000,0,TEST,RETRIEVAL_SHORT,48,330701183.90355897,330701212.98073,330703208.722628,1822.7132849860936,0,330705.035694015
SC000,0,TEST,NEW_NOUN,49,330708035.951571,330708062.838745,330710051.785582,664.3759204889648,0,330710.7272146655
SC000,0,TEST,NEW_NOUN,50,330713732.451465,330713751.92686003,330715748.24927396,2542.192013002932,0,330718.294118873
SC000,0,TEST,RETRIEVAL_LONG,51,330721294.363887,330721334.230237,330723309.42169905,2084.153031988535,0,330725.418383269
SC000,0,TEST,RETRIEVAL_SHORT,52,330728418.821932,330728446.18320805,330730441.714867,1242.9281374788843,0,330731.6891113455
SC000,0,TEST,RETRIEVAL_SHORT,53,330734689.31189096,330734716.709395,330736705.028946,1617.0770744793117,0,330738.3337864695
SC000,0,TEST,RETRIEVAL_LONG,54,330741334.097547,330741362.45845,330743353.492806,2623.2233215123415,0,330745.98568177153
SC000,0,TEST,RETRIEVAL_SHORT,55,330748985.980462,330749015.272213,330750996.250885,1326.9223600509576,0,330752.342194573
SC000,0,TEST,RETRIEVAL_LONG,56,330755342.891643,330755370.551134,330757359.372465,2478.3109555137344,0,330759.8488620895
SC000,0,TEST,NEW_NOUN,57,330762849.151707,330762878.274464,330764866.875234,1610.9529315144755,0,330766.4892273955
SC000,0,TEST,NEW_NOUN,58,330769489.481744,330769516.972115,330771509.55828196,2106.7297350382432,0,330773.62370185
SC000,0,TEST,RETRIEVAL_SHORT,59,330776624.088588,330776653.523046,330778641.50411797,1641.8894054950215,0,330780.2954124515
SC000,0,TEST,RETRIEVAL_SHORT,60,330783295.553597,330783325.10182697,330785319.970868,1051.9934275071137,0,330786.3770952545
SC000,0,TEST,RETRIEVAL_SHORT,61,330789377.626869,330789405.12148696,330791393.59176296,1514.6897160448134,0,330792.919811203
SC000,0,TEST,RETRIEVAL_LONG,62,330795919.962377,330795961.121784,330797938.559874,1135.3049169993028,0,330799.096426701
SC000,0,TEST,NEW_NOUN,63,330802101.69684005,330802121.051188,330804109.786727,2496.668078470975,0,330806.61771926645
SC000,0,TEST,RETRIEVAL_SHORT,64,330809626.49076504,330809647.796001,330811635.739995,913.3619935601018,0,330812.56115799455
SC000,0,TEST,NEW_NOUN,65,330815561.474278,330815600.82196003,330817574.610228,1385.5105999391526,0,330818.98633255996
SC000,0,TEST,RETRIEVAL_LONG,66,330821987.590404,330822030.982737,330824002.991697,2030.2255135029554,0,330826.0612082505
SC000,0,TEST,NEW_NOUN,67,330829065.954091,330829085.549534,330831076.399371,1560.0078499992378,0,330832.645557384
SC000,0,TEST,RETRIEVAL_SHORT,68,330835646.570842,330835681.762996,330837663.57695,976.3255679863505,0,330838.658088564
SC000,0,TEST,RETRIEVAL_LONG,69,330841662.479639,330841682.19676495,330843672.537359,1265.6656950130127,0,330844.94786246
SC000,0,TEST,RETRIEVAL_SHORT,70,330847948.79355603,330847987.189168,330849959.512537,949.2100444622338,0,330850.93639921246
SC000,0,TEST,RETRIEVAL_SHORT,71,330853940.70142,330853960.416168,330855948.722265,1218.5033515561372,0,330857.17891951953
SC000,0,TEST,RETRIEVAL_LONG,72,330860184.12109697,330860203.714477,330862191.816849,2127.66041548457,0,330864.3313748925
SC000,0,TEST,RETRIEVAL_LONG,73,330867331.9725,330867371.682455,330869342.83833003,1342.5125984940678,0,330870.7141950535
SC000,0,TEST,RETRIEVAL_LONG,74,330873720.316176,330873740.393353,330875728.482879,1981.3114710268565,0,330877.721704824
SC000,0,TEST,NEW_NOUN,75,330880726.750473,330880746.11916,330882734.51289403,1995.655072038062,0,330884.741774232
SC000,0,TEST,RETRIEVAL_SHORT,76,330887746.87432605,330887766.237626,330889752.567916,1510.8255670056678,0,330891.27706319303
SC000,0,TEST,RETRIEVAL_SHORT,77,330894283.46268,330894302.33620703,330896290.076668,1143.56786001008,0,330897.445904067
SC000,0,TEST,NEW_NOUN,78,330900446.47659904,330900475.189029,330902455.612152,1254.4921839726157,0,330903.729681213
SC000,0,TEST,RETRIEVAL_SHORT,79,330906735.228148,330906754.94189197,330908744.465522,1050.2113555558026,0,330909.80515324755
SC000,0,TEST,RETRIEVAL_SHORT,80,330912809.31473196,330912828.879235,330914888.58896,1363.9165759668685,0,330916.192795811
SC000,0,TEST,RETRIEVAL_LONG,81,330919193.271567,330919220.095637,330921211.182706,1401.901493954938,0,330922.621997131
SC000,0,TEST,RETRIEVAL_LONG,82,330925622.60259,330925649.666715,330927640.832467,1135.9845594852231,0,330928.7856512745
SC000,0,TEST,NEW_NOUN,83,330931785.763144,330931812.711963,330933801.093696,1109.7412654780783,0,330934.9224532285
SC000,0,TEST,RETRIEVAL_LONG,84,330937928.45275396,330937948.198583,330939941.070617,1034.8543605068699,0,330940.9830529435
SC000,0,TEST,RETRIEVAL_LONG,85,330943989.42479604,330944009.58968,330945998.76909,1433.971948979888,0,330947.443561629
SC000,0,TEST,RETRIEVAL_SHORT,86,330950443.96123904,330950483.954498,330952455.575887,998.1681694625877,0,330953.4821226675
SC000,0,TEST,RETRIEVAL_LONG,87,330956482.414369,330956510.104316,330958499.896123,1166.418505483307,0,330959.6765228215
SC000,0,TEST,NEW_NOUN,88,330962677.203464,330962715.735981,330964690.986562,2151.6257114708424,0,330966.8673616925
SC000,0,TEST,NEW_NOUN,89,330969867.575623,330969909.591335,330971883.379773,1337.0756235090084,0,330973.2466669585
SC000,0,TEST,RETRIEVAL_SHORT,90,330976247.155709,330976286.952121,330978258.346009,2142.8643465042114,0,330980.4298164675
SC000,0,TEST,RETRIEVAL_SHORT,91,330983430.00792,330983459.017569,330985472.17002696,1519.3879075231962,0,330986.97840547655
SC000,0,TEST,RETRIEVAL_LONG,92,330989978.961171,330990008.87185705,330991999.582037,1718.3910639723763,0,330993.727262921
SC000,0,TEST,RETRIEVAL_LONG,93,330996732.41279,330996751.522332,330998744.05288804,1261.7171799647622,0,331000.013239512
SC000,0,TEST,RETRIEVAL_LONG,94,331003013.369934,331003045.142703,331005033.861139,2259.245721041225,0,331007.30438842403
SC000,0,TEST,RETRIEVAL_SHORT,95,331010309.824036,331010329.437299,331012324.767032,2355.8917160262354,0,331014.685329015
SC000,0,TEST,NEW_NOUN,96,331017690.217411,331017709.864986,331019698.64521796,1268.9939279807732,0,331020.978858914
SC000,0,TEST,RETRIEVAL_SHORT,97,331023979.21032596,331024018.983253,331025990.885917,1916.4929360267706,0,331027.935476189
SC000,0,TEST,RETRIEVAL_LONG,98,331030940.742307,331030960.410494,331032948.65222895,2221.5159540064633,0,331035.181926448
SC000,0,TEST,RETRIEVAL_SHORT,99,331038182.33717,331038212.363444,331040201.635203,1202.4964385200292,0,331041.4148598825
SC000,0,TEST,RETRIEVAL_LONG,100,331044421.471936,331044441.558813,331046429.96336,1478.330890997313,0,331047.919889704
SC000,0,TEST,RETRIEVAL_SHORT,101,331050924.28798395,331050943.48953897,331052937.917382,1156.7538304952905,0,331054.10024336947
SC000,0,TEST,NEW_NOUN,102,331057100.44982404,331057141.24660003,331059117.981695,1669.6473499760032,0,331060.81089395
SC000,0,TEST,RETRIEVAL_SHORT,103,331063811.483922,331063851.212741,331065824.379382,411.3352190470323,0,331066.26254796004
SC000,0,TEST,RETRIEVAL_LONG,104,331069262.992057,331069290.295165,331071278.773128,1902.6398155256175,0,331073.1929349805
SC000,0,TEST,RETRIEVAL_LONG,105,331076197.747318,331076217.515626,331078206.391415,1550.128097529523,0,331079.7676437235
SC000,0,TEST,NEW_NOUN,106,331082773.450281,331082793.63339597,331084781.90528995,1292.457629519049,0,331086.0860910255
SC000,0,TEST,RETRIEVAL_LONG,107,331089086.584162,331089115.617829,331091103.9585,1725.2005949849263,0,331092.840818424
SC000,0,TEST,RETRIEVAL_LONG,108,331095841.27001,331095870.907915,331097859.693687,1152.481416997034,0,331099.023389332
SC000,0,TEST,RETRIEVAL_LONG,109,331102023.950374,331102062.073867,331104036.895876,1329.7294310177676,0,331105.39180329803
SC000,0,TEST,RETRIEVAL_SHORT,110,331108397.692711,331108419.87532204,331110413.638183,3638.143483432941,0,331114.05801880546
SC000,0,TEST,RETRIEVAL_LONG,111,331117058.521237,331117096.579861,331119071.23892105,1840.3177929576486,0,331120.93689765397
SC000,0,TEST,RETRIEVAL_LONG,112,331123937.14732003,331123969.230205,331125957.02827,1520.0590700260364,0,331127.489289275
SC000,0,TEST,RETRIEVAL_SHORT,113,331130489.57551104,331130524.15188295,331132497.049343,1796.948206028901,0,331134.321100089
SC000,0,TEST,NEW_NOUN,114,331137321.31178004,331137362.761926,331139341.81684303,2427.919221459888,0,331141.7906811475
SC000,0,TEST,NEW_NOUN,115,331144790.859117,331144825.68577397,331146799.643923,2317.857178975828,0,331149.14354295295
SC000,0,TEST,RETRIEVAL_SHORT,116,331152143.688629,331152182.967313,331154157.559589,1452.9960525105707,0,331155.6359633655
SC000,0,TEST,RETRIEVAL_LONG,117,331158636.287804,331158677.060388,331160651.041489,1402.3727029561996,0,331162.079433091
SC000,0,TEST,RETRIEVAL_LONG,118,331165086.45902103,331165106.313631,331167090.774824,1930.0280984607525,0,331169.03634172946
SC000,0,TEST,RETRIEVAL_SHORT,119,331172041.819848,331172061.40668803,331174053.054835,2587.5926744774915,0,331176.6489993625
SC000,0,TEST,RETRIEVAL_LONG,120,331179649.574213,331179692.270656,331181663.79479694,1482.1288805105723,0,331183.1743995365
SC000,0,TEST,RETRIEVAL_SHORT,121,331186174.67950195,331186213.681897,331188190.456283,2453.2650079927407,0,331190.66694690497
SC000,0,TEST,NEW_NOUN,122,331193672.170761,331193691.630212,331195683.20453703,1423.84350951761,0,331197.1154737215
SC000,0,TEST,RETRIEVAL_SHORT,123,331200116.049703,331200145.11897004,331202142.227484,2041.3438265095465,0,331204.1864627965
SC000,0,TEST,NEW_NOUN,124,331207186.668778,331207227.199795,331209205.256732,1955.2141455351375,0,331211.18241394055
SC000,0,TEST,RETRIEVAL_SHORT,125,331214183.089815,331214221.623083,331216191.248591,1968.8458715099841,0,331218.1904689545
SC000,0,TEST,RETRIEVAL_SHORT,126,331221190.872513,331221229.350123,331223203.939135,1929.220742546022,0,331225.1585708655
SC000,0,TEST,RETRIEVAL_SHORT,127,331228163.432532,331228184.90620095,331230173.225226,1213.9612900209613,0,331231.398867491
SC000,0,TEST,NEW_NOUN,128,331234399.20022404,331234437.710738,331236408.81142,1718.5118320048787,0,331238.15622257
SC000,0,TEST,NEW_NOUN,129,331241156.473609,331241196.694425,331243171.790237,1120.9315974847414,0,331244.3176260225
SC000,0,TEST,RETRIEVAL_LONG,130,331247323.144866,331247342.76124996,331249326.72520196,1607.3606815189123,0,331250.9501219315
SC000,0,TEST,NEW_NOUN,131,331253955.890709,331253975.08342,331255965.07311296,2488.880631979555,0,331258.463964052
SC000,0,TEST,RETRIEVAL_LONG,132,331261464.076479,331261493.45953304,331263484.971962,963.0104364478029,0,331264.4564699695
SC000,0,TEST,RETRIEVAL_LONG,133,331267463.223636,331267482.25285995,331269470.789934,1287.1047425433062,0,331270.7693576025
SC000,0,TEST,RETRIEVAL_SHORT,134,331273769.866912,331273803.503156,331275813.622799,3124.6187450014986,0,331278.928121901
SC000,0,TEST,RETRIEVAL_SHORT,135,331281928.260122,331281956.93064,331283948.199432,2033.4725294960663,0,331285.9904031695
SC000,0,TEST,RETRIEVAL_LONG,136,331288990.84941,331289030.292237,331291007.576868,1664.4228259683587,0,331292.694715063
SC000,0,TEST,NEW_NOUN,137,331295700.860241,331295720.56342,331297709.950084,2480.479150544852,0,331300.2010425705
SC000,0,TEST,RETRIEVAL_SHORT,138,331303201.581398,331303241.544868,331305223.188501,1356.1851005069911,0,331306.5977299685
SC000,0,TEST,RETRIEVAL_SHORT,139,331309598.05515295,331309626.819196,331311624.982009,1105.8407035307027,0,331312.7326598995
SC000,0,TEST,RETRIEVAL_LONG,140,331315737.913536,331315757.732306,331317746.290499,1707.3091504862532,0,331319.4650414565
SC000,0,TEST,RETRIEVAL_LONG,141,331322465.45317,331322492.67358404,331324476.67732495,1218.8910859404132,0,331325.71156466997
SC000,0,TEST,RETRIEVAL_LONG,142,331328711.961169,331328742.124813,331330730.44418,1120.8273934898898,0,331331.8629522065
SC000,0,TEST,RETRIEVAL_LONG,143,331334863.293864,331334893.310103,331336885.905314,1303.6550050019287,0,331338.196965108
SC000,0,TEST,RETRIEVAL_SHORT,144,331341197.295998,331341236.181264,331343207.576746,1147.7508780080825,0,331344.383932142
SC000,0,TEST,NEW_NOUN,145,331347388.897961,331347408.380815,331349396.741305,1822.7259995182976,0,331351.2311068145
SC000,0,TEST,RETRIEVAL_SHORT,146,331354231.30443,331354260.527094,331356250.377965,1275.684779509902,0,331357.5362118735
SC000,0,TEST,RETRIEVAL_SHORT,147,331360536.867542,331360575.124337,331362550.71761304,1053.4290440264158,0,331363.628553381
SC000,0,TEST,RETRIEVAL_SHORT,148,331366629.305858,331366669.741675,331368641.423806,1020.5674449680373,0,331369.69030912
SC000,0,TEST,RETRIEVAL_SHORT,149,331372690.712094,331372721.67625695,331374753.04964703,2030.390060506761,0,331376.7520663175
SC000,0,TEST,RETRIEVAL_SHORT,150,331379752.311488,331379787.659639,331381763.612508,1380.1118809496984,0,331383.16777152
SC000,0,TEST,NEW_NOUN,151,331386173.63394403,331386192.883138,331388186.408709,1368.9906889921986,0,331389.561873827
SC000,0,TEST,RETRIEVAL_LONG,152,331392562.418264,331392602.00886303,331394585.595978,2026.6230325214565,0,331396.6286318955
SC000,0,TEST,RETRIEVAL_LONG,153,331399629.263955,331399656.89721197,331401645.181125,1252.5661415420473,0,331402.9094633535
SC000,0,TEST,NEW_NOUN,154,331405909.735828,331405936.763748,331407925.47650295,1279.9346584943123,0,331409.2166984065
SC000,0,TEST,RETRIEVAL_SHORT,155,331412217.138063,331412244.04580295,331414238.46188396,1044.796688540373,0,331415.2888424915
SC000,0,TEST,NEW_NOUN,156,331418289.48359597,331418320.222041,331420307.580471,1214.0809675329365,0,331421.5343030085
SC000,0,TEST,NEW_NOUN,157,331424539.238178,331424558.78368497,331426546.347538,2592.181498534046,0,331429.1509651835
SC000,0,TEST,RETRIEVAL_LONG,158,331432156.948907,331432179.039841,331434166.982811,993.90989652602,0,331435.1729497375
SC000,0,TEST,NEW_NOUN,159,331438177.83282,331438198.01211,331440193.87291497,2340.9590109367855,0,331442.53897112096
SC000,0,TEST,NEW_NOUN,160,331445539.337352,331445581.487983,331447557.311679,1432.3921235045418,0,331449.0138801065
SC000,0,TEST,NEW_NOUN,161,331452014.562093,331452053.66484404,331454027.316419,1681.8811260163784,0,331455.73554597003
SC000,0,TEST,NEW_NOUN,162,331458740.06779397,331458761.969532,331460750.136557,1351.128106471151,0,331462.1130976385
SC000,0,TEST,RETRIEVAL_SHORT,163,331465113.264491,331465140.53208005,331467133.043868,3380.2996804588474,0,331470.5208317605
SC000,0,TEST,RETRIEVAL_LONG,164,331473521.009274,331473548.0883,331475536.462879,1547.7957205148414,0,331477.0958840205
SC000,0,TEST,RETRIEVAL_LONG,165,331480102.02402,331480121.721305,331482110.814913,2013.060453988146,0,331484.134781759
SC000,0,TEST,RETRIEVAL_LONG,166,331487135.458989,331487175.172216,331489149.043781,1769.5270134718157,0,331490.9446992295
SC000,0,TEST,NEW_NOUN,167,331493945.186454,331493985.581982,331495964.46317303,1744.5484244963154,0,331497.7301304065
SC000,0,TEST,RETRIEVAL_SHORT,168,331500730.282899,331500762.022066,331502750.212,1458.0720150261186,0,331504.220094081
SC000,0,TEST,RETRIEVAL_SHORT,169,331507226.336834,331507246.423855,331509240.170888,1686.8844889686443,0,331510.933308344
SC000,0,TEST,RETRIEVAL_LONG,170,331513933.975645,331513973.49501,331515951.776702,1523.8992829690687,0,331517.49739429296
SC000,0,TEST,RETRIEVAL_LONG,171,331520498.06278896,331520527.376964,331522510.489968,2292.381281964481,0,331524.81975824595
SC000,0,TEST,RETRIEVAL_LONG,172,331527819.940011,331527861.19476897,331529833.129421,2103.864611533936,0,331531.9650593805
SC000,0,TEST,RETRIEVAL_LONG,173,331534965.737701,331534996.05606,331536985.094926,1763.9615060179494,0,331538.76001756603
SC000,0,TEST,RETRIEVAL_SHORT,174,331541760.324629,331541789.133848,331543785.29711497,2227.295184507966,0,331546.0164290325
SC000,0,TEST,RETRIEVAL_SHORT,175,331549021.066412,331549040.44177204,331551031.168923,1669.0868849982508,0,331552.709528657
SC000,0,TEST,NEW_NOUN,176,331555710.50610703,331555754.142177,331557725.50931,1562.7186819911003,0,331559.316860859
SC000,0,TEST,RETRIEVAL_LONG,177,331562322.452196,331562341.92157,331564330.916677,1349.0517949685454,0,331565.690973365
SC000,0,TEST,NEW_NOUN,178,331568691.11423504,331568719.59318304,331570707.921289,1228.3406914793886,0,331571.9479338745
SC000,0,TEST,RETRIEVAL_SHORT,179,331574948.36398,331574977.111742,331576990.485844,1376.4085584552959,0,331578.3535203005
SC000,0,TEST,RETRIEVAL_SHORT,180,331581354.02512497,331581393.528606,331583367.668657,1749.6910860645585,0,331585.14321969205
SC000,0,TEST,RETRIEVAL_SHORT,181,331588143.713442,331588170.930834,331590158.945584,1912.4302665004507,0,331592.0833611005
SC000,0,TEST,RETRIEVAL_SHORT,182,331595088.287751,331595110.185094,331597098.264467,1202.8701910167001,0,331598.313055285
SC000,0,TEST,RETRIEVAL_LONG,183,331601318.286084,331601338.191621,331603326.70354205,1665.1112964609638,0,331605.00330291747
SC000,0,TEST,RETRIEVAL_SHORT,184,331608003.56428695,331608042.436163,331610021.073363,1856.259643973317,0,331611.898695807
SC000,0,TEST,RETRIEVAL_SHORT,185,331614903.589624,331614925.629053,331616914.149705,2019.9678789940663,0,331618.94559693197
SC000,0,TEST,RETRIEVAL_LONG,186,331621946.176996,331621973.741037,331623963.584718,1994.169780984521,0,331625.967910818
SC000,0,TEST,RETRIEVAL_LONG,187,331628973.304783,331628993.007332,331630983.585983,1665.6318334280513,0,331632.65863916546
SC000,0,TEST,RETRIEVAL_LONG,188,331635664.393023,331635683.583188,331637671.67355704,880.5119185126387,0,331638.5640951065
SC000,0,TEST,RETRIEVAL_LONG,189,331641564.34805095,331641592.266477,331643581.12337303,1277.9193380265497,0,331644.87018581503
SC000,0,TEST,NEW_NOUN,190,331647876.72596,331647897.152925,331649886.349547,1344.846242456697,0,331651.2419991675
SC000,0,TEST,RETRIEVAL_LONG,191,331654247.437358,331654266.833957,331656254.79244804,1140.6055520055816,0,331657.407439509
