subject,session,experiment_block,trial_index
SC000,2025-09-12_23-10-17_652699,0,0
SC000,2025-09-12_23-10-17_652699,0,1
SC000,2025-09-12_23-10-17_652699,0,2
SC000,2025-09-12_23-10-17_652699,0,3
SC000,2025-09-12_23-10-17_652699,0,4
SC000,2025-09-12_23-10-17_652699,0,5
SC000,2025-09-12_23-10-17_652699,0,6
SC000,2025-09-12_23-10-17_652699,0,7
SC000,2025-09-12_23-10-17_652699,0,8
SC000,2025-09-12_23-10-17_652699,0,9
SC000,2025-09-12_23-10-17_652699,0,10
SC000,2025-09-12_23-10-17_652699,0,11
SC000,2025-09-12_23-10-17_652699,0,12
SC000,2025-09-12_23-10-17_652699,0,13
SC000,2025-09-12_23-10-17_652699,0,14
SC000,2025-09-12_23-10-17_652699,0,15
