subject,session,time,pulse_id
SC000,2025-09-12_23-10-17_652699,2025-09-12_23-10-31_480919,1
SC000,2025-09-12_23-10-17_652699,2025-09-12_23-10-31_536696,2
SC000,2025-09-12_23-10-17_652699,2025-09-12_23-10-31_590440,3
SC000,2025-09-12_23-10-17_652699,2025-09-12_23-10-31_641196,4
SC000,2025-09-12_23-10-17_652699,2025-09-12_23-10-31_696849,5
SC000,2025-09-12_23-10-17_652699,2025-09-12_23-10-31_751330,6
SC000,2025-09-12_23-10-17_652699,2025-09-12_23-10-31_806900,7
SC000,2025-09-12_23-10-17_652699,2025-09-12_23-10-31_860056,8
SC000,2025-09-12_23-10-17_652699,2025-09-12_23-10-31_912995,9
SC000,2025-09-12_23-10-17_652699,2025-09-12_23-10-31_967588,10
SC000,2025-09-12_23-10-17_652699,2025-09-12_23-10-32_023302,11
SC000,2025-09-12_23-10-17_652699,2025-09-12_23-10-32_077538,12
SC000,2025-09-12_23-10-17_652699,2025-09-12_23-10-32_131874,13
SC000,2025-09-12_23-10-17_652699,2025-09-12_23-10-32_184192,14
SC000,2025-09-12_23-10-17_652699,2025-09-12_23-10-32_236566,15
SC000,2025-09-12_23-10-17_652699,2025-09-12_23-10-32_292250,16
SC000,2025-09-12_23-10-17_652699,2025-09-12_23-10-32_343368,17
SC000,2025-09-12_23-10-17_652699,2025-09-12_23-10-32_397900,18
SC000,2025-09-12_23-10-17_652699,2025-09-12_23-10-32_453252,19
SC000,2025-09-12_23-10-17_652699,2025-09-12_23-10-32_509265,20
SC000,2025-09-12_23-10-17_652699,2025-09-12_23-10-32_560815,21
SC000,2025-09-12_23-10-17_652699,2025-09-12_23-10-32_614079,22
SC000,2025-09-12_23-10-17_652699,2025-09-12_23-10-32_666198,23
SC000,2025-09-12_23-10-17_652699,2025-09-12_23-10-32_720684,24
SC000,2025-09-12_23-10-17_652699,2025-09-12_23-10-32_774491,25
SC000,2025-09-12_23-10-17_652699,2025-09-12_23-10-37_788218,26
SC000,2025-09-12_23-10-17_652699,2025-09-12_23-10-42_735981,27
SC000,2025-09-12_23-10-17_652699,2025-09-12_23-10-47_931095,28
SC000,2025-09-12_23-10-17_652699,2025-09-12_23-10-52_982067,29
SC000,2025-09-12_23-10-17_652699,2025-09-12_23-10-57_484159,30
SC000,2025-09-12_23-10-17_652699,2025-09-12_23-11-02_710706,31
SC000,2025-09-12_23-10-17_652699,2025-09-12_23-11-07_660064,32
SC000,2025-09-12_23-10-17_652699,2025-09-12_23-11-12_377816,33
SC000,2025-09-12_23-10-17_652699,2025-09-12_23-11-16_917205,34
SC000,2025-09-12_23-10-17_652699,2025-09-12_23-11-21_745067,35
SC000,2025-09-12_23-10-17_652699,2025-09-12_23-11-26_874696,36
SC000,2025-09-12_23-10-17_652699,2025-09-12_23-11-31_489262,37
SC000,2025-09-12_23-10-17_652699,2025-09-12_23-11-37_001174,38
SC000,2025-09-12_23-10-17_652699,2025-09-12_23-11-41_883793,39
SC000,2025-09-12_23-10-17_652699,2025-09-12_23-11-46_659984,40
SC000,2025-09-12_23-10-17_652699,2025-09-12_23-11-52_216680,41
SC000,2025-09-12_23-10-17_652699,2025-09-12_23-11-56_731122,42
SC000,2025-09-12_23-10-17_652699,2025-09-12_23-12-02_101799,43
SC000,2025-09-12_23-10-17_652699,2025-09-12_23-12-07_151781,44
SC000,2025-09-12_23-10-17_652699,2025-09-12_23-12-12_367547,45
SC000,2025-09-12_23-10-17_652699,2025-09-12_23-12-17_553871,46
SC000,2025-09-12_23-10-17_652699,2025-09-12_23-12-22_331703,47
SC000,2025-09-12_23-10-17_652699,2025-09-12_23-12-27_128418,48
SC000,2025-09-12_23-10-17_652699,2025-09-12_23-12-32_153878,49
SC000,2025-09-12_23-10-17_652699,2025-09-12_23-12-36_993472,50
SC000,2025-09-12_23-10-17_652699,2025-09-12_23-12-41_927134,51
SC000,2025-09-12_23-10-17_652699,2025-09-12_23-12-47_374605,52
SC000,2025-09-12_23-10-17_652699,2025-09-12_23-12-52_343419,53
SC000,2025-09-12_23-10-17_652699,2025-09-12_23-12-57_547594,54
SC000,2025-09-12_23-10-17_652699,2025-09-12_23-13-02_637040,55
SC000,2025-09-12_23-10-17_652699,2025-09-12_23-13-07_902906,56
SC000,2025-09-12_23-10-17_652699,2025-09-12_23-13-12_759931,57
SC000,2025-09-12_23-10-17_652699,2025-09-12_23-13-17_487007,58
SC000,2025-09-12_23-10-17_652699,2025-09-12_23-13-22_201335,59
SC000,2025-09-12_23-10-17_652699,2025-09-12_23-13-27_131157,60
SC000,2025-09-12_23-10-17_652699,2025-09-12_23-13-32_651715,61
SC000,2025-09-12_23-10-17_652699,2025-09-12_23-13-37_538692,62
SC000,2025-09-12_23-10-17_652699,2025-09-12_23-13-42_959909,63
SC000,2025-09-12_23-10-17_652699,2025-09-12_23-13-47_628830,64
SC000,2025-09-12_23-10-17_652699,2025-09-12_23-13-52_902865,65
SC000,2025-09-12_23-10-17_652699,2025-09-12_23-13-58_271755,66
SC000,2025-09-12_23-10-17_652699,2025-09-12_23-14-02_883133,67
SC000,2025-09-12_23-10-17_652699,2025-09-12_23-14-08_160634,68
SC000,2025-09-12_23-10-17_652699,2025-09-12_23-14-12_711842,69
SC000,2025-09-12_23-10-17_652699,2025-09-12_23-14-17_638856,70
SC000,2025-09-12_23-10-17_652699,2025-09-12_23-14-22_726575,71
SC000,2025-09-12_23-10-17_652699,2025-09-12_23-14-28_422092,72
SC000,2025-09-12_23-10-17_652699,2025-09-12_23-14-33_016652,73
SC000,2025-09-12_23-10-17_652699,2025-09-12_23-14-37_743383,74
SC000,2025-09-12_23-10-17_652699,2025-09-12_23-14-42_843505,75
SC000,2025-09-12_23-10-17_652699,2025-09-12_23-14-47_614480,76
SC000,2025-09-12_23-10-17_652699,2025-09-12_23-14-52_548071,77
SC000,2025-09-12_23-10-17_652699,2025-09-12_23-14-57_433226,78
SC000,2025-09-12_23-10-17_652699,2025-09-12_23-15-01_934517,79
SC000,2025-09-12_23-10-17_652699,2025-09-12_23-15-06_815470,80
SC000,2025-09-12_23-10-17_652699,2025-09-12_23-15-12_097030,81
SC000,2025-09-12_23-10-17_652699,2025-09-12_23-15-17_013615,82
SC000,2025-09-12_23-10-17_652699,2025-09-12_23-15-22_336587,83
SC000,2025-09-12_23-10-17_652699,2025-09-12_23-15-27_193328,84
SC000,2025-09-12_23-10-17_652699,2025-09-12_23-15-31_902317,85
SC000,2025-09-12_23-10-17_652699,2025-09-12_23-15-37_417881,86
SC000,2025-09-12_23-10-17_652699,2025-09-12_23-15-42_291873,87
SC000,2025-09-12_23-10-17_652699,2025-09-12_23-15-47_306591,88
SC000,2025-09-12_23-10-17_652699,2025-09-12_23-15-51_901581,89
SC000,2025-09-12_23-10-17_652699,2025-09-12_23-15-57_339210,90
SC000,2025-09-12_23-10-17_652699,2025-09-12_23-16-02_484696,91
SC000,2025-09-12_23-10-17_652699,2025-09-12_23-16-07_256023,92
SC000,2025-09-12_23-10-17_652699,2025-09-12_23-16-12_522832,93
SC000,2025-09-12_23-10-17_652699,2025-09-12_23-16-17_843312,94
SC000,2025-09-12_23-10-17_652699,2025-09-12_23-16-22_162666,95
SC000,2025-09-12_23-10-17_652699,2025-09-12_23-16-26_972360,96
SC000,2025-09-12_23-10-17_652699,2025-09-12_23-16-31_776549,97
SC000,2025-09-12_23-10-17_652699,2025-09-12_23-16-36_851535,98
SC000,2025-09-12_23-10-17_652699,2025-09-12_23-16-42_308081,99
SC000,2025-09-12_23-10-17_652699,2025-09-12_23-16-47_427435,100
SC000,2025-09-12_23-10-17_652699,2025-09-12_23-16-51_716869,101
SC000,2025-09-12_23-10-17_652699,2025-09-12_23-16-57_246590,102
SC000,2025-09-12_23-10-17_652699,2025-09-12_23-17-02_616858,103
SC000,2025-09-12_23-10-17_652699,2025-09-12_23-17-07_759704,104
SC000,2025-09-12_23-10-17_652699,2025-09-12_23-17-13_129604,105
SC000,2025-09-12_23-10-17_652699,2025-09-12_23-17-18_066465,106
SC000,2025-09-12_23-10-17_652699,2025-09-12_23-17-22_740162,107
SC000,2025-09-12_23-10-17_652699,2025-09-12_23-17-27_648029,108
SC000,2025-09-12_23-10-17_652699,2025-09-12_23-17-31_536635,109
SC000,2025-09-12_23-10-17_652699,2025-09-12_23-17-31_593269,110
SC000,2025-09-12_23-10-17_652699,2025-09-12_23-17-31_648639,111
SC000,2025-09-12_23-10-17_652699,2025-09-12_23-17-31_704461,112
SC000,2025-09-12_23-10-17_652699,2025-09-12_23-17-31_759665,113
SC000,2025-09-12_23-10-17_652699,2025-09-12_23-17-31_813307,114
SC000,2025-09-12_23-10-17_652699,2025-09-12_23-17-31_866379,115
SC000,2025-09-12_23-10-17_652699,2025-09-12_23-17-31_919727,116
SC000,2025-09-12_23-10-17_652699,2025-09-12_23-17-31_974184,117
SC000,2025-09-12_23-10-17_652699,2025-09-12_23-17-32_027421,118
SC000,2025-09-12_23-10-17_652699,2025-09-12_23-17-32_081194,119
SC000,2025-09-12_23-10-17_652699,2025-09-12_23-17-32_135575,120
SC000,2025-09-12_23-10-17_652699,2025-09-12_23-17-32_190123,121
SC000,2025-09-12_23-10-17_652699,2025-09-12_23-17-32_244916,122
SC000,2025-09-12_23-10-17_652699,2025-09-12_23-17-32_299103,123
SC000,2025-09-12_23-10-17_652699,2025-09-12_23-17-32_353055,124
SC000,2025-09-12_23-10-17_652699,2025-09-12_23-17-32_407955,125
SC000,2025-09-12_23-10-17_652699,2025-09-12_23-17-32_461549,126
SC000,2025-09-12_23-10-17_652699,2025-09-12_23-17-32_516776,127
SC000,2025-09-12_23-10-17_652699,2025-09-12_23-17-32_572274,128
SC000,2025-09-12_23-10-17_652699,2025-09-12_23-17-32_627089,129
SC000,2025-09-12_23-10-17_652699,2025-09-12_23-17-32_681528,130
SC000,2025-09-12_23-10-17_652699,2025-09-12_23-17-32_733634,131
SC000,2025-09-12_23-10-17_652699,2025-09-12_23-17-32_789349,132
SC000,2025-09-12_23-10-17_652699,2025-09-12_23-17-32_843553,133
